repo	language	dir_name	reason	src	dst	action
Azure-Samples/interview-coach-agent-framework	C#	Azure-Samples__interview-coach-agent-framework	name_filter:agent	/Users/marcelvogt/Documents/Documents-MacBookPro/Studies/TU-Berlin/Semester-Abroad/Calgary/Courses/AIinSE/FinalProject/msr-skills-md/outputs/raw_data/C#/Azure-Samples__interview-coach-agent-framework	/Users/marcelvogt/Documents/Documents-MacBookPro/Studies/TU-Berlin/Semester-Abroad/Calgary/Courses/AIinSE/FinalProject/msr-skills-md/outputs/raw_data_filtered_out/C#/Azure-Samples__interview-coach-agent-framework	moved
microsoft/aitour26-WRK541-real-world-code-migration-with-github-copilot-agent-mode	C#	microsoft__aitour26-WRK541-real-world-code-migration-with-github-copilot-agent-mode	name_filter:agent	/Users/marcelvogt/Documents/Documents-MacBookPro/Studies/TU-Berlin/Semester-Abroad/Calgary/Courses/AIinSE/FinalProject/msr-skills-md/outputs/raw_data/C#/microsoft__aitour26-WRK541-real-world-code-migration-with-github-copilot-agent-mode	/Users/marcelvogt/Documents/Documents-MacBookPro/Studies/TU-Berlin/Semester-Abroad/Calgary/Courses/AIinSE/FinalProject/msr-skills-md/outputs/raw_data_filtered_out/C#/microsoft__aitour26-WRK541-real-world-code-migration-with-github-copilot-agent-mode	moved
newrelic/newrelic-dotnet-agent	C#	newrelic__newrelic-dotnet-agent	name_filter:agent	/Users/marcelvogt/Documents/Documents-MacBookPro/Studies/TU-Berlin/Semester-Abroad/Calgary/Courses/AIinSE/FinalProject/msr-skills-md/outputs/raw_data/C#/newrelic__newrelic-dotnet-agent	/Users/marcelvogt/Documents/Documents-MacBookPro/Studies/TU-Berlin/Semester-Abroad/Calgary/Courses/AIinSE/FinalProject/msr-skills-md/outputs/raw_data_filtered_out/C#/newrelic__newrelic-dotnet-agent	moved
rwjdk/MicrosoftAgentFrameworkSamples	C#	rwjdk__MicrosoftAgentFrameworkSamples	name_filter:agent	/Users/marcelvogt/Documents/Documents-MacBookPro/Studies/TU-Berlin/Semester-Abroad/Calgary/Courses/AIinSE/FinalProject/msr-skills-md/outputs/raw_data/C#/rwjdk__MicrosoftAgentFrameworkSamples	/Users/marcelvogt/Documents/Documents-MacBookPro/Studies/TU-Berlin/Semester-Abroad/Calgary/Courses/AIinSE/FinalProject/msr-skills-md/outputs/raw_data_filtered_out/C#/rwjdk__MicrosoftAgentFrameworkSamples	moved
thangchung/agent-engineering-experiment	C#	thangchung__agent-engineering-experiment	name_filter:agent	/Users/marcelvogt/Documents/Documents-MacBookPro/Studies/TU-Berlin/Semester-Abroad/Calgary/Courses/AIinSE/FinalProject/msr-skills-md/outputs/raw_data/C#/thangchung__agent-engineering-experiment	/Users/marcelvogt/Documents/Documents-MacBookPro/Studies/TU-Berlin/Semester-Abroad/Calgary/Courses/AIinSE/FinalProject/msr-skills-md/outputs/raw_data_filtered_out/C#/thangchung__agent-engineering-experiment	moved
DataDog/datadog-agent	Go	DataDog__datadog-agent	name_filter:agent	/Users/marcelvogt/Documents/Documents-MacBookPro/Studies/TU-Berlin/Semester-Abroad/Calgary/Courses/AIinSE/FinalProject/msr-skills-md/outputs/raw_data/Go/DataDog__datadog-agent	/Users/marcelvogt/Documents/Documents-MacBookPro/Studies/TU-Berlin/Semester-Abroad/Calgary/Courses/AIinSE/FinalProject/msr-skills-md/outputs/raw_data_filtered_out/Go/DataDog__datadog-agent	moved
JsonLee12138/agent-team	Go	JsonLee12138__agent-team	name_filter:agent	/Users/marcelvogt/Documents/Documents-MacBookPro/Studies/TU-Berlin/Semester-Abroad/Calgary/Courses/AIinSE/FinalProject/msr-skills-md/outputs/raw_data/Go/JsonLee12138__agent-team	/Users/marcelvogt/Documents/Documents-MacBookPro/Studies/TU-Berlin/Semester-Abroad/Calgary/Courses/AIinSE/FinalProject/msr-skills-md/outputs/raw_data_filtered_out/Go/JsonLee12138__agent-team	moved
MitulShah1/openai-agents-go	Go	MitulShah1__openai-agents-go	name_filter:agent	/Users/marcelvogt/Documents/Documents-MacBookPro/Studies/TU-Berlin/Semester-Abroad/Calgary/Courses/AIinSE/FinalProject/msr-skills-md/outputs/raw_data/Go/MitulShah1__openai-agents-go	/Users/marcelvogt/Documents/Documents-MacBookPro/Studies/TU-Berlin/Semester-Abroad/Calgary/Courses/AIinSE/FinalProject/msr-skills-md/outputs/raw_data_filtered_out/Go/MitulShah1__openai-agents-go	moved
The-17/agentsecrets	Go	The-17__agentsecrets	name_filter:agent	/Users/marcelvogt/Documents/Documents-MacBookPro/Studies/TU-Berlin/Semester-Abroad/Calgary/Courses/AIinSE/FinalProject/msr-skills-md/outputs/raw_data/Go/The-17__agentsecrets	/Users/marcelvogt/Documents/Documents-MacBookPro/Studies/TU-Berlin/Semester-Abroad/Calgary/Courses/AIinSE/FinalProject/msr-skills-md/outputs/raw_data_filtered_out/Go/The-17__agentsecrets	moved
agent-sandbox/agent-sandbox	Go	agent-sandbox__agent-sandbox	name_filter:agent	/Users/marcelvogt/Documents/Documents-MacBookPro/Studies/TU-Berlin/Semester-Abroad/Calgary/Courses/AIinSE/FinalProject/msr-skills-md/outputs/raw_data/Go/agent-sandbox__agent-sandbox	/Users/marcelvogt/Documents/Documents-MacBookPro/Studies/TU-Berlin/Semester-Abroad/Calgary/Courses/AIinSE/FinalProject/msr-skills-md/outputs/raw_data_filtered_out/Go/agent-sandbox__agent-sandbox	moved
asheshgoplani/agent-deck	Go	asheshgoplani__agent-deck	name_filter:agent	/Users/marcelvogt/Documents/Documents-MacBookPro/Studies/TU-Berlin/Semester-Abroad/Calgary/Courses/AIinSE/FinalProject/msr-skills-md/outputs/raw_data/Go/asheshgoplani__agent-deck	/Users/marcelvogt/Documents/Documents-MacBookPro/Studies/TU-Berlin/Semester-Abroad/Calgary/Courses/AIinSE/FinalProject/msr-skills-md/outputs/raw_data_filtered_out/Go/asheshgoplani__agent-deck	moved
avivsinai/agent-message-queue	Go	avivsinai__agent-message-queue	name_filter:agent	/Users/marcelvogt/Documents/Documents-MacBookPro/Studies/TU-Berlin/Semester-Abroad/Calgary/Courses/AIinSE/FinalProject/msr-skills-md/outputs/raw_data/Go/avivsinai__agent-message-queue	/Users/marcelvogt/Documents/Documents-MacBookPro/Studies/TU-Berlin/Semester-Abroad/Calgary/Courses/AIinSE/FinalProject/msr-skills-md/outputs/raw_data_filtered_out/Go/avivsinai__agent-message-queue	moved
docker/docker-agent	Go	docker__docker-agent	name_filter:agent	/Users/marcelvogt/Documents/Documents-MacBookPro/Studies/TU-Berlin/Semester-Abroad/Calgary/Courses/AIinSE/FinalProject/msr-skills-md/outputs/raw_data/Go/docker__docker-agent	/Users/marcelvogt/Documents/Documents-MacBookPro/Studies/TU-Berlin/Semester-Abroad/Calgary/Courses/AIinSE/FinalProject/msr-skills-md/outputs/raw_data_filtered_out/Go/docker__docker-agent	moved
joelhooks/agent-secrets	Go	joelhooks__agent-secrets	name_filter:agent	/Users/marcelvogt/Documents/Documents-MacBookPro/Studies/TU-Berlin/Semester-Abroad/Calgary/Courses/AIinSE/FinalProject/msr-skills-md/outputs/raw_data/Go/joelhooks__agent-secrets	/Users/marcelvogt/Documents/Documents-MacBookPro/Studies/TU-Berlin/Semester-Abroad/Calgary/Courses/AIinSE/FinalProject/msr-skills-md/outputs/raw_data_filtered_out/Go/joelhooks__agent-secrets	moved
kagent-dev/kagent	Go	kagent-dev__kagent	name_filter:agent	/Users/marcelvogt/Documents/Documents-MacBookPro/Studies/TU-Berlin/Semester-Abroad/Calgary/Courses/AIinSE/FinalProject/msr-skills-md/outputs/raw_data/Go/kagent-dev__kagent	/Users/marcelvogt/Documents/Documents-MacBookPro/Studies/TU-Berlin/Semester-Abroad/Calgary/Courses/AIinSE/FinalProject/msr-skills-md/outputs/raw_data_filtered_out/Go/kagent-dev__kagent	moved
openkruise/agents	Go	openkruise__agents	name_filter:agent	/Users/marcelvogt/Documents/Documents-MacBookPro/Studies/TU-Berlin/Semester-Abroad/Calgary/Courses/AIinSE/FinalProject/msr-skills-md/outputs/raw_data/Go/openkruise__agents	/Users/marcelvogt/Documents/Documents-MacBookPro/Studies/TU-Berlin/Semester-Abroad/Calgary/Courses/AIinSE/FinalProject/msr-skills-md/outputs/raw_data_filtered_out/Go/openkruise__agents	moved
stellarlinkco/agentsdk-go	Go	stellarlinkco__agentsdk-go	name_filter:agent	/Users/marcelvogt/Documents/Documents-MacBookPro/Studies/TU-Berlin/Semester-Abroad/Calgary/Courses/AIinSE/FinalProject/msr-skills-md/outputs/raw_data/Go/stellarlinkco__agentsdk-go	/Users/marcelvogt/Documents/Documents-MacBookPro/Studies/TU-Berlin/Semester-Abroad/Calgary/Courses/AIinSE/FinalProject/msr-skills-md/outputs/raw_data_filtered_out/Go/stellarlinkco__agentsdk-go	moved
sttts/slagent	Go	sttts__slagent	name_filter:agent	/Users/marcelvogt/Documents/Documents-MacBookPro/Studies/TU-Berlin/Semester-Abroad/Calgary/Courses/AIinSE/FinalProject/msr-skills-md/outputs/raw_data/Go/sttts__slagent	/Users/marcelvogt/Documents/Documents-MacBookPro/Studies/TU-Berlin/Semester-Abroad/Calgary/Courses/AIinSE/FinalProject/msr-skills-md/outputs/raw_data_filtered_out/Go/sttts__slagent	moved
wordflowlab/agentsdk	Go	wordflowlab__agentsdk	name_filter:agent	/Users/marcelvogt/Documents/Documents-MacBookPro/Studies/TU-Berlin/Semester-Abroad/Calgary/Courses/AIinSE/FinalProject/msr-skills-md/outputs/raw_data/Go/wordflowlab__agentsdk	/Users/marcelvogt/Documents/Documents-MacBookPro/Studies/TU-Berlin/Semester-Abroad/Calgary/Courses/AIinSE/FinalProject/msr-skills-md/outputs/raw_data_filtered_out/Go/wordflowlab__agentsdk	moved
agents-flex/agents-flex	Java	agents-flex__agents-flex	name_filter:agent	/Users/marcelvogt/Documents/Documents-MacBookPro/Studies/TU-Berlin/Semester-Abroad/Calgary/Courses/AIinSE/FinalProject/msr-skills-md/outputs/raw_data/Java/agents-flex__agents-flex	/Users/marcelvogt/Documents/Documents-MacBookPro/Studies/TU-Berlin/Semester-Abroad/Calgary/Courses/AIinSE/FinalProject/msr-skills-md/outputs/raw_data_filtered_out/Java/agents-flex__agents-flex	moved
spring-ai-community/spring-ai-agent-utils	Java	spring-ai-community__spring-ai-agent-utils	name_filter:agent	/Users/marcelvogt/Documents/Documents-MacBookPro/Studies/TU-Berlin/Semester-Abroad/Calgary/Courses/AIinSE/FinalProject/msr-skills-md/outputs/raw_data/Java/spring-ai-community__spring-ai-agent-utils	/Users/marcelvogt/Documents/Documents-MacBookPro/Studies/TU-Berlin/Semester-Abroad/Calgary/Courses/AIinSE/FinalProject/msr-skills-md/outputs/raw_data_filtered_out/Java/spring-ai-community__spring-ai-agent-utils	moved
AzureCosmosDB/cosmosdb-agent-kit	JavaScript	AzureCosmosDB__cosmosdb-agent-kit	name_filter:agent	/Users/marcelvogt/Documents/Documents-MacBookPro/Studies/TU-Berlin/Semester-Abroad/Calgary/Courses/AIinSE/FinalProject/msr-skills-md/outputs/raw_data/JavaScript/AzureCosmosDB__cosmosdb-agent-kit	/Users/marcelvogt/Documents/Documents-MacBookPro/Studies/TU-Berlin/Semester-Abroad/Calgary/Courses/AIinSE/FinalProject/msr-skills-md/outputs/raw_data_filtered_out/JavaScript/AzureCosmosDB__cosmosdb-agent-kit	moved
Community-Access/accessibility-agents	JavaScript	Community-Access__accessibility-agents	name_filter:agent	/Users/marcelvogt/Documents/Documents-MacBookPro/Studies/TU-Berlin/Semester-Abroad/Calgary/Courses/AIinSE/FinalProject/msr-skills-md/outputs/raw_data/JavaScript/Community-Access__accessibility-agents	/Users/marcelvogt/Documents/Documents-MacBookPro/Studies/TU-Berlin/Semester-Abroad/Calgary/Courses/AIinSE/FinalProject/msr-skills-md/outputs/raw_data_filtered_out/JavaScript/Community-Access__accessibility-agents	moved
LowyShin/giip-dev-agent	JavaScript	LowyShin__giip-dev-agent	name_filter:agent	/Users/marcelvogt/Documents/Documents-MacBookPro/Studies/TU-Berlin/Semester-Abroad/Calgary/Courses/AIinSE/FinalProject/msr-skills-md/outputs/raw_data/JavaScript/LowyShin__giip-dev-agent	/Users/marcelvogt/Documents/Documents-MacBookPro/Studies/TU-Berlin/Semester-Abroad/Calgary/Courses/AIinSE/FinalProject/msr-skills-md/outputs/raw_data_filtered_out/JavaScript/LowyShin__giip-dev-agent	moved
WHQ25/agent-canvas	JavaScript	WHQ25__agent-canvas	name_filter:agent	/Users/marcelvogt/Documents/Documents-MacBookPro/Studies/TU-Berlin/Semester-Abroad/Calgary/Courses/AIinSE/FinalProject/msr-skills-md/outputs/raw_data/JavaScript/WHQ25__agent-canvas	/Users/marcelvogt/Documents/Documents-MacBookPro/Studies/TU-Berlin/Semester-Abroad/Calgary/Courses/AIinSE/FinalProject/msr-skills-md/outputs/raw_data_filtered_out/JavaScript/WHQ25__agent-canvas	moved
agent-sh/agentsys	JavaScript	agent-sh__agentsys	name_filter:agent	/Users/marcelvogt/Documents/Documents-MacBookPro/Studies/TU-Berlin/Semester-Abroad/Calgary/Courses/AIinSE/FinalProject/msr-skills-md/outputs/raw_data/JavaScript/agent-sh__agentsys	/Users/marcelvogt/Documents/Documents-MacBookPro/Studies/TU-Berlin/Semester-Abroad/Calgary/Courses/AIinSE/FinalProject/msr-skills-md/outputs/raw_data_filtered_out/JavaScript/agent-sh__agentsys	moved
datht-work/safeai-global-agent	JavaScript	datht-work__safeai-global-agent	name_filter:agent	/Users/marcelvogt/Documents/Documents-MacBookPro/Studies/TU-Berlin/Semester-Abroad/Calgary/Courses/AIinSE/FinalProject/msr-skills-md/outputs/raw_data/JavaScript/datht-work__safeai-global-agent	/Users/marcelvogt/Documents/Documents-MacBookPro/Studies/TU-Berlin/Semester-Abroad/Calgary/Courses/AIinSE/FinalProject/msr-skills-md/outputs/raw_data_filtered_out/JavaScript/datht-work__safeai-global-agent	moved
deepclause/agentvm	JavaScript	deepclause__agentvm	name_filter:agent	/Users/marcelvogt/Documents/Documents-MacBookPro/Studies/TU-Berlin/Semester-Abroad/Calgary/Courses/AIinSE/FinalProject/msr-skills-md/outputs/raw_data/JavaScript/deepclause__agentvm	/Users/marcelvogt/Documents/Documents-MacBookPro/Studies/TU-Berlin/Semester-Abroad/Calgary/Courses/AIinSE/FinalProject/msr-skills-md/outputs/raw_data_filtered_out/JavaScript/deepclause__agentvm	moved
dongbeixiaohuo/writing-agent	JavaScript	dongbeixiaohuo__writing-agent	name_filter:agent	/Users/marcelvogt/Documents/Documents-MacBookPro/Studies/TU-Berlin/Semester-Abroad/Calgary/Courses/AIinSE/FinalProject/msr-skills-md/outputs/raw_data/JavaScript/dongbeixiaohuo__writing-agent	/Users/marcelvogt/Documents/Documents-MacBookPro/Studies/TU-Berlin/Semester-Abroad/Calgary/Courses/AIinSE/FinalProject/msr-skills-md/outputs/raw_data_filtered_out/JavaScript/dongbeixiaohuo__writing-agent	moved
hamr0/liteagents	JavaScript	hamr0__liteagents	name_filter:agent	/Users/marcelvogt/Documents/Documents-MacBookPro/Studies/TU-Berlin/Semester-Abroad/Calgary/Courses/AIinSE/FinalProject/msr-skills-md/outputs/raw_data/JavaScript/hamr0__liteagents	/Users/marcelvogt/Documents/Documents-MacBookPro/Studies/TU-Berlin/Semester-Abroad/Calgary/Courses/AIinSE/FinalProject/msr-skills-md/outputs/raw_data_filtered_out/JavaScript/hamr0__liteagents	moved
itz4blitz/agentful	JavaScript	itz4blitz__agentful	name_filter:agent	/Users/marcelvogt/Documents/Documents-MacBookPro/Studies/TU-Berlin/Semester-Abroad/Calgary/Courses/AIinSE/FinalProject/msr-skills-md/outputs/raw_data/JavaScript/itz4blitz__agentful	/Users/marcelvogt/Documents/Documents-MacBookPro/Studies/TU-Berlin/Semester-Abroad/Calgary/Courses/AIinSE/FinalProject/msr-skills-md/outputs/raw_data_filtered_out/JavaScript/itz4blitz__agentful	moved
paulpreibisch/AgentVibes	JavaScript	paulpreibisch__AgentVibes	name_filter:agent	/Users/marcelvogt/Documents/Documents-MacBookPro/Studies/TU-Berlin/Semester-Abroad/Calgary/Courses/AIinSE/FinalProject/msr-skills-md/outputs/raw_data/JavaScript/paulpreibisch__AgentVibes	/Users/marcelvogt/Documents/Documents-MacBookPro/Studies/TU-Berlin/Semester-Abroad/Calgary/Courses/AIinSE/FinalProject/msr-skills-md/outputs/raw_data_filtered_out/JavaScript/paulpreibisch__AgentVibes	moved
pbakaus/agent-reviews	JavaScript	pbakaus__agent-reviews	name_filter:agent	/Users/marcelvogt/Documents/Documents-MacBookPro/Studies/TU-Berlin/Semester-Abroad/Calgary/Courses/AIinSE/FinalProject/msr-skills-md/outputs/raw_data/JavaScript/pbakaus__agent-reviews	/Users/marcelvogt/Documents/Documents-MacBookPro/Studies/TU-Berlin/Semester-Abroad/Calgary/Courses/AIinSE/FinalProject/msr-skills-md/outputs/raw_data_filtered_out/JavaScript/pbakaus__agent-reviews	moved
peterfei/ai-agent-team	JavaScript	peterfei__ai-agent-team	name_filter:agent	/Users/marcelvogt/Documents/Documents-MacBookPro/Studies/TU-Berlin/Semester-Abroad/Calgary/Courses/AIinSE/FinalProject/msr-skills-md/outputs/raw_data/JavaScript/peterfei__ai-agent-team	/Users/marcelvogt/Documents/Documents-MacBookPro/Studies/TU-Berlin/Semester-Abroad/Calgary/Courses/AIinSE/FinalProject/msr-skills-md/outputs/raw_data_filtered_out/JavaScript/peterfei__ai-agent-team	moved
shinpr/agentic-code	JavaScript	shinpr__agentic-code	name_filter:agent	/Users/marcelvogt/Documents/Documents-MacBookPro/Studies/TU-Berlin/Semester-Abroad/Calgary/Courses/AIinSE/FinalProject/msr-skills-md/outputs/raw_data/JavaScript/shinpr__agentic-code	/Users/marcelvogt/Documents/Documents-MacBookPro/Studies/TU-Berlin/Semester-Abroad/Calgary/Courses/AIinSE/FinalProject/msr-skills-md/outputs/raw_data_filtered_out/JavaScript/shinpr__agentic-code	moved
sinewaveai/agent-security-scanner-mcp	JavaScript	sinewaveai__agent-security-scanner-mcp	name_filter:agent	/Users/marcelvogt/Documents/Documents-MacBookPro/Studies/TU-Berlin/Semester-Abroad/Calgary/Courses/AIinSE/FinalProject/msr-skills-md/outputs/raw_data/JavaScript/sinewaveai__agent-security-scanner-mcp	/Users/marcelvogt/Documents/Documents-MacBookPro/Studies/TU-Berlin/Semester-Abroad/Calgary/Courses/AIinSE/FinalProject/msr-skills-md/outputs/raw_data_filtered_out/JavaScript/sinewaveai__agent-security-scanner-mcp	moved
suyashb734/cliagents	JavaScript	suyashb734__cliagents	name_filter:agent	/Users/marcelvogt/Documents/Documents-MacBookPro/Studies/TU-Berlin/Semester-Abroad/Calgary/Courses/AIinSE/FinalProject/msr-skills-md/outputs/raw_data/JavaScript/suyashb734__cliagents	/Users/marcelvogt/Documents/Documents-MacBookPro/Studies/TU-Berlin/Semester-Abroad/Calgary/Courses/AIinSE/FinalProject/msr-skills-md/outputs/raw_data_filtered_out/JavaScript/suyashb734__cliagents	moved
team-attention/agent-council	JavaScript	team-attention__agent-council	name_filter:agent	/Users/marcelvogt/Documents/Documents-MacBookPro/Studies/TU-Berlin/Semester-Abroad/Calgary/Courses/AIinSE/FinalProject/msr-skills-md/outputs/raw_data/JavaScript/team-attention__agent-council	/Users/marcelvogt/Documents/Documents-MacBookPro/Studies/TU-Berlin/Semester-Abroad/Calgary/Courses/AIinSE/FinalProject/msr-skills-md/outputs/raw_data_filtered_out/JavaScript/team-attention__agent-council	moved
AgentConnect/awiki-agent-id-message	Python	AgentConnect__awiki-agent-id-message	name_filter:agent	/Users/marcelvogt/Documents/Documents-MacBookPro/Studies/TU-Berlin/Semester-Abroad/Calgary/Courses/AIinSE/FinalProject/msr-skills-md/outputs/raw_data/Python/AgentConnect__awiki-agent-id-message	/Users/marcelvogt/Documents/Documents-MacBookPro/Studies/TU-Berlin/Semester-Abroad/Calgary/Courses/AIinSE/FinalProject/msr-skills-md/outputs/raw_data_filtered_out/Python/AgentConnect__awiki-agent-id-message	moved
ArcInstitute/SRAgent	Python	ArcInstitute__SRAgent	name_filter:agent	/Users/marcelvogt/Documents/Documents-MacBookPro/Studies/TU-Berlin/Semester-Abroad/Calgary/Courses/AIinSE/FinalProject/msr-skills-md/outputs/raw_data/Python/ArcInstitute__SRAgent	/Users/marcelvogt/Documents/Documents-MacBookPro/Studies/TU-Berlin/Semester-Abroad/Calgary/Courses/AIinSE/FinalProject/msr-skills-md/outputs/raw_data_filtered_out/Python/ArcInstitute__SRAgent	moved
Azure-Samples/art-voice-agent-accelerator	Python	Azure-Samples__art-voice-agent-accelerator	name_filter:agent	/Users/marcelvogt/Documents/Documents-MacBookPro/Studies/TU-Berlin/Semester-Abroad/Calgary/Courses/AIinSE/FinalProject/msr-skills-md/outputs/raw_data/Python/Azure-Samples__art-voice-agent-accelerator	/Users/marcelvogt/Documents/Documents-MacBookPro/Studies/TU-Berlin/Semester-Abroad/Calgary/Courses/AIinSE/FinalProject/msr-skills-md/outputs/raw_data_filtered_out/Python/Azure-Samples__art-voice-agent-accelerator	moved
Azure-Samples/functions-markdown-agent	Python	Azure-Samples__functions-markdown-agent	name_filter:agent	/Users/marcelvogt/Documents/Documents-MacBookPro/Studies/TU-Berlin/Semester-Abroad/Calgary/Courses/AIinSE/FinalProject/msr-skills-md/outputs/raw_data/Python/Azure-Samples__functions-markdown-agent	/Users/marcelvogt/Documents/Documents-MacBookPro/Studies/TU-Berlin/Semester-Abroad/Calgary/Courses/AIinSE/FinalProject/msr-skills-md/outputs/raw_data_filtered_out/Python/Azure-Samples__functions-markdown-agent	moved
BrainBlend-AI/atomic-agents	Python	BrainBlend-AI__atomic-agents	name_filter:agent	/Users/marcelvogt/Documents/Documents-MacBookPro/Studies/TU-Berlin/Semester-Abroad/Calgary/Courses/AIinSE/FinalProject/msr-skills-md/outputs/raw_data/Python/BrainBlend-AI__atomic-agents	/Users/marcelvogt/Documents/Documents-MacBookPro/Studies/TU-Berlin/Semester-Abroad/Calgary/Courses/AIinSE/FinalProject/msr-skills-md/outputs/raw_data_filtered_out/Python/BrainBlend-AI__atomic-agents	moved
Chen-zexi/open-ptc-agent	Python	Chen-zexi__open-ptc-agent	name_filter:agent	/Users/marcelvogt/Documents/Documents-MacBookPro/Studies/TU-Berlin/Semester-Abroad/Calgary/Courses/AIinSE/FinalProject/msr-skills-md/outputs/raw_data/Python/Chen-zexi__open-ptc-agent	/Users/marcelvogt/Documents/Documents-MacBookPro/Studies/TU-Berlin/Semester-Abroad/Calgary/Courses/AIinSE/FinalProject/msr-skills-md/outputs/raw_data_filtered_out/Python/Chen-zexi__open-ptc-agent	moved
DemonDamon/AgenticX	Python	DemonDamon__AgenticX	name_filter:agent	/Users/marcelvogt/Documents/Documents-MacBookPro/Studies/TU-Berlin/Semester-Abroad/Calgary/Courses/AIinSE/FinalProject/msr-skills-md/outputs/raw_data/Python/DemonDamon__AgenticX	/Users/marcelvogt/Documents/Documents-MacBookPro/Studies/TU-Berlin/Semester-Abroad/Calgary/Courses/AIinSE/FinalProject/msr-skills-md/outputs/raw_data_filtered_out/Python/DemonDamon__AgenticX	moved
FunnyWolf/agentic-soc-platform	Python	FunnyWolf__agentic-soc-platform	name_filter:agent	/Users/marcelvogt/Documents/Documents-MacBookPro/Studies/TU-Berlin/Semester-Abroad/Calgary/Courses/AIinSE/FinalProject/msr-skills-md/outputs/raw_data/Python/FunnyWolf__agentic-soc-platform	/Users/marcelvogt/Documents/Documents-MacBookPro/Studies/TU-Berlin/Semester-Abroad/Calgary/Courses/AIinSE/FinalProject/msr-skills-md/outputs/raw_data_filtered_out/Python/FunnyWolf__agentic-soc-platform	moved
Harmeet10000/AgentNexus-LangChain-FastAPI	Python	Harmeet10000__AgentNexus-LangChain-FastAPI	name_filter:agent	/Users/marcelvogt/Documents/Documents-MacBookPro/Studies/TU-Berlin/Semester-Abroad/Calgary/Courses/AIinSE/FinalProject/msr-skills-md/outputs/raw_data/Python/Harmeet10000__AgentNexus-LangChain-FastAPI	/Users/marcelvogt/Documents/Documents-MacBookPro/Studies/TU-Berlin/Semester-Abroad/Calgary/Courses/AIinSE/FinalProject/msr-skills-md/outputs/raw_data_filtered_out/Python/Harmeet10000__AgentNexus-LangChain-FastAPI	moved
HeadyZhang/agent-audit	Python	HeadyZhang__agent-audit	name_filter:agent	/Users/marcelvogt/Documents/Documents-MacBookPro/Studies/TU-Berlin/Semester-Abroad/Calgary/Courses/AIinSE/FinalProject/msr-skills-md/outputs/raw_data/Python/HeadyZhang__agent-audit	/Users/marcelvogt/Documents/Documents-MacBookPro/Studies/TU-Berlin/Semester-Abroad/Calgary/Courses/AIinSE/FinalProject/msr-skills-md/outputs/raw_data_filtered_out/Python/HeadyZhang__agent-audit	moved
Hmbown/rlmagents	Python	Hmbown__rlmagents	name_filter:agent	/Users/marcelvogt/Documents/Documents-MacBookPro/Studies/TU-Berlin/Semester-Abroad/Calgary/Courses/AIinSE/FinalProject/msr-skills-md/outputs/raw_data/Python/Hmbown__rlmagents	/Users/marcelvogt/Documents/Documents-MacBookPro/Studies/TU-Berlin/Semester-Abroad/Calgary/Courses/AIinSE/FinalProject/msr-skills-md/outputs/raw_data_filtered_out/Python/Hmbown__rlmagents	moved
HyunjunJeon/Deepagent-research-context-engineering	Python	HyunjunJeon__Deepagent-research-context-engineering	name_filter:agent	/Users/marcelvogt/Documents/Documents-MacBookPro/Studies/TU-Berlin/Semester-Abroad/Calgary/Courses/AIinSE/FinalProject/msr-skills-md/outputs/raw_data/Python/HyunjunJeon__Deepagent-research-context-engineering	/Users/marcelvogt/Documents/Documents-MacBookPro/Studies/TU-Berlin/Semester-Abroad/Calgary/Courses/AIinSE/FinalProject/msr-skills-md/outputs/raw_data_filtered_out/Python/HyunjunJeon__Deepagent-research-context-engineering	moved
Illuminated2020/DeepAgents-AutoGLM	Python	Illuminated2020__DeepAgents-AutoGLM	name_filter:agent	/Users/marcelvogt/Documents/Documents-MacBookPro/Studies/TU-Berlin/Semester-Abroad/Calgary/Courses/AIinSE/FinalProject/msr-skills-md/outputs/raw_data/Python/Illuminated2020__DeepAgents-AutoGLM	/Users/marcelvogt/Documents/Documents-MacBookPro/Studies/TU-Berlin/Semester-Abroad/Calgary/Courses/AIinSE/FinalProject/msr-skills-md/outputs/raw_data_filtered_out/Python/Illuminated2020__DeepAgents-AutoGLM	moved
Lianggs8/auto-survey-agent	Python	Lianggs8__auto-survey-agent	name_filter:agent	/Users/marcelvogt/Documents/Documents-MacBookPro/Studies/TU-Berlin/Semester-Abroad/Calgary/Courses/AIinSE/FinalProject/msr-skills-md/outputs/raw_data/Python/Lianggs8__auto-survey-agent	/Users/marcelvogt/Documents/Documents-MacBookPro/Studies/TU-Berlin/Semester-Abroad/Calgary/Courses/AIinSE/FinalProject/msr-skills-md/outputs/raw_data_filtered_out/Python/Lianggs8__auto-survey-agent	moved
MiniMax-AI/Mini-Agent	Python	MiniMax-AI__Mini-Agent	name_filter:agent	/Users/marcelvogt/Documents/Documents-MacBookPro/Studies/TU-Berlin/Semester-Abroad/Calgary/Courses/AIinSE/FinalProject/msr-skills-md/outputs/raw_data/Python/MiniMax-AI__Mini-Agent	/Users/marcelvogt/Documents/Documents-MacBookPro/Studies/TU-Berlin/Semester-Abroad/Calgary/Courses/AIinSE/FinalProject/msr-skills-md/outputs/raw_data_filtered_out/Python/MiniMax-AI__Mini-Agent	moved
NousResearch/pokemon-agent	Python	NousResearch__pokemon-agent	name_filter:agent	/Users/marcelvogt/Documents/Documents-MacBookPro/Studies/TU-Berlin/Semester-Abroad/Calgary/Courses/AIinSE/FinalProject/msr-skills-md/outputs/raw_data/Python/NousResearch__pokemon-agent	/Users/marcelvogt/Documents/Documents-MacBookPro/Studies/TU-Berlin/Semester-Abroad/Calgary/Courses/AIinSE/FinalProject/msr-skills-md/outputs/raw_data_filtered_out/Python/NousResearch__pokemon-agent	moved
Nunchi-trade/agent-cli	Python	Nunchi-trade__agent-cli	name_filter:agent	/Users/marcelvogt/Documents/Documents-MacBookPro/Studies/TU-Berlin/Semester-Abroad/Calgary/Courses/AIinSE/FinalProject/msr-skills-md/outputs/raw_data/Python/Nunchi-trade__agent-cli	/Users/marcelvogt/Documents/Documents-MacBookPro/Studies/TU-Berlin/Semester-Abroad/Calgary/Courses/AIinSE/FinalProject/msr-skills-md/outputs/raw_data_filtered_out/Python/Nunchi-trade__agent-cli	moved
OpenHands/software-agent-sdk	Python	OpenHands__software-agent-sdk	name_filter:agent	/Users/marcelvogt/Documents/Documents-MacBookPro/Studies/TU-Berlin/Semester-Abroad/Calgary/Courses/AIinSE/FinalProject/msr-skills-md/outputs/raw_data/Python/OpenHands__software-agent-sdk	/Users/marcelvogt/Documents/Documents-MacBookPro/Studies/TU-Berlin/Semester-Abroad/Calgary/Courses/AIinSE/FinalProject/msr-skills-md/outputs/raw_data_filtered_out/Python/OpenHands__software-agent-sdk	moved
Panniantong/Agent-Reach	Python	Panniantong__Agent-Reach	name_filter:agent	/Users/marcelvogt/Documents/Documents-MacBookPro/Studies/TU-Berlin/Semester-Abroad/Calgary/Courses/AIinSE/FinalProject/msr-skills-md/outputs/raw_data/Python/Panniantong__Agent-Reach	/Users/marcelvogt/Documents/Documents-MacBookPro/Studies/TU-Berlin/Semester-Abroad/Calgary/Courses/AIinSE/FinalProject/msr-skills-md/outputs/raw_data_filtered_out/Python/Panniantong__Agent-Reach	moved
Qredence/agentic-fleet	Python	Qredence__agentic-fleet	name_filter:agent	/Users/marcelvogt/Documents/Documents-MacBookPro/Studies/TU-Berlin/Semester-Abroad/Calgary/Courses/AIinSE/FinalProject/msr-skills-md/outputs/raw_data/Python/Qredence__agentic-fleet	/Users/marcelvogt/Documents/Documents-MacBookPro/Studies/TU-Berlin/Semester-Abroad/Calgary/Courses/AIinSE/FinalProject/msr-skills-md/outputs/raw_data_filtered_out/Python/Qredence__agentic-fleet	moved
RedHat-UX/next-gen-ui-agent	Python	RedHat-UX__next-gen-ui-agent	name_filter:agent	/Users/marcelvogt/Documents/Documents-MacBookPro/Studies/TU-Berlin/Semester-Abroad/Calgary/Courses/AIinSE/FinalProject/msr-skills-md/outputs/raw_data/Python/RedHat-UX__next-gen-ui-agent	/Users/marcelvogt/Documents/Documents-MacBookPro/Studies/TU-Berlin/Semester-Abroad/Calgary/Courses/AIinSE/FinalProject/msr-skills-md/outputs/raw_data_filtered_out/Python/RedHat-UX__next-gen-ui-agent	moved
SkyworkAI/DeepResearchAgent	Python	SkyworkAI__DeepResearchAgent	name_filter:agent	/Users/marcelvogt/Documents/Documents-MacBookPro/Studies/TU-Berlin/Semester-Abroad/Calgary/Courses/AIinSE/FinalProject/msr-skills-md/outputs/raw_data/Python/SkyworkAI__DeepResearchAgent	/Users/marcelvogt/Documents/Documents-MacBookPro/Studies/TU-Berlin/Semester-Abroad/Calgary/Courses/AIinSE/FinalProject/msr-skills-md/outputs/raw_data_filtered_out/Python/SkyworkAI__DeepResearchAgent	moved
SpillwaveSolutions/agent-brain	Python	SpillwaveSolutions__agent-brain	name_filter:agent	/Users/marcelvogt/Documents/Documents-MacBookPro/Studies/TU-Berlin/Semester-Abroad/Calgary/Courses/AIinSE/FinalProject/msr-skills-md/outputs/raw_data/Python/SpillwaveSolutions__agent-brain	/Users/marcelvogt/Documents/Documents-MacBookPro/Studies/TU-Berlin/Semester-Abroad/Calgary/Courses/AIinSE/FinalProject/msr-skills-md/outputs/raw_data_filtered_out/Python/SpillwaveSolutions__agent-brain	moved
XS-MLVP/UCAgent	Python	XS-MLVP__UCAgent	name_filter:agent	/Users/marcelvogt/Documents/Documents-MacBookPro/Studies/TU-Berlin/Semester-Abroad/Calgary/Courses/AIinSE/FinalProject/msr-skills-md/outputs/raw_data/Python/XS-MLVP__UCAgent	/Users/marcelvogt/Documents/Documents-MacBookPro/Studies/TU-Berlin/Semester-Abroad/Calgary/Courses/AIinSE/FinalProject/msr-skills-md/outputs/raw_data_filtered_out/Python/XS-MLVP__UCAgent	moved
YYHDBL/MyCodeAgent	Python	YYHDBL__MyCodeAgent	name_filter:agent	/Users/marcelvogt/Documents/Documents-MacBookPro/Studies/TU-Berlin/Semester-Abroad/Calgary/Courses/AIinSE/FinalProject/msr-skills-md/outputs/raw_data/Python/YYHDBL__MyCodeAgent	/Users/marcelvogt/Documents/Documents-MacBookPro/Studies/TU-Berlin/Semester-Abroad/Calgary/Courses/AIinSE/FinalProject/msr-skills-md/outputs/raw_data_filtered_out/Python/YYHDBL__MyCodeAgent	moved
YunjueTech/Yunjue-Agent	Python	YunjueTech__Yunjue-Agent	name_filter:agent	/Users/marcelvogt/Documents/Documents-MacBookPro/Studies/TU-Berlin/Semester-Abroad/Calgary/Courses/AIinSE/FinalProject/msr-skills-md/outputs/raw_data/Python/YunjueTech__Yunjue-Agent	/Users/marcelvogt/Documents/Documents-MacBookPro/Studies/TU-Berlin/Semester-Abroad/Calgary/Courses/AIinSE/FinalProject/msr-skills-md/outputs/raw_data_filtered_out/Python/YunjueTech__Yunjue-Agent	moved
acodercat/cave-agent	Python	acodercat__cave-agent	name_filter:agent	/Users/marcelvogt/Documents/Documents-MacBookPro/Studies/TU-Berlin/Semester-Abroad/Calgary/Courses/AIinSE/FinalProject/msr-skills-md/outputs/raw_data/Python/acodercat__cave-agent	/Users/marcelvogt/Documents/Documents-MacBookPro/Studies/TU-Berlin/Semester-Abroad/Calgary/Courses/AIinSE/FinalProject/msr-skills-md/outputs/raw_data_filtered_out/Python/acodercat__cave-agent	moved
agentscope-ai/agentscope	Python	agentscope-ai__agentscope	name_filter:agent	/Users/marcelvogt/Documents/Documents-MacBookPro/Studies/TU-Berlin/Semester-Abroad/Calgary/Courses/AIinSE/FinalProject/msr-skills-md/outputs/raw_data/Python/agentscope-ai__agentscope	/Users/marcelvogt/Documents/Documents-MacBookPro/Studies/TU-Berlin/Semester-Abroad/Calgary/Courses/AIinSE/FinalProject/msr-skills-md/outputs/raw_data_filtered_out/Python/agentscope-ai__agentscope	moved
agentscope-ai/agentscope-samples	Python	agentscope-ai__agentscope-samples	name_filter:agent	/Users/marcelvogt/Documents/Documents-MacBookPro/Studies/TU-Berlin/Semester-Abroad/Calgary/Courses/AIinSE/FinalProject/msr-skills-md/outputs/raw_data/Python/agentscope-ai__agentscope-samples	/Users/marcelvogt/Documents/Documents-MacBookPro/Studies/TU-Berlin/Semester-Abroad/Calgary/Courses/AIinSE/FinalProject/msr-skills-md/outputs/raw_data_filtered_out/Python/agentscope-ai__agentscope-samples	moved
aitytech/agentkits-marketing	Python	aitytech__agentkits-marketing	name_filter:agent	/Users/marcelvogt/Documents/Documents-MacBookPro/Studies/TU-Berlin/Semester-Abroad/Calgary/Courses/AIinSE/FinalProject/msr-skills-md/outputs/raw_data/Python/aitytech__agentkits-marketing	/Users/marcelvogt/Documents/Documents-MacBookPro/Studies/TU-Berlin/Semester-Abroad/Calgary/Courses/AIinSE/FinalProject/msr-skills-md/outputs/raw_data_filtered_out/Python/aitytech__agentkits-marketing	moved
ambient-code/agentready	Python	ambient-code__agentready	name_filter:agent	/Users/marcelvogt/Documents/Documents-MacBookPro/Studies/TU-Berlin/Semester-Abroad/Calgary/Courses/AIinSE/FinalProject/msr-skills-md/outputs/raw_data/Python/ambient-code__agentready	/Users/marcelvogt/Documents/Documents-MacBookPro/Studies/TU-Berlin/Semester-Abroad/Calgary/Courses/AIinSE/FinalProject/msr-skills-md/outputs/raw_data_filtered_out/Python/ambient-code__agentready	moved
arun-gupta/agentic-tictactoe	Python	arun-gupta__agentic-tictactoe	name_filter:agent	/Users/marcelvogt/Documents/Documents-MacBookPro/Studies/TU-Berlin/Semester-Abroad/Calgary/Courses/AIinSE/FinalProject/msr-skills-md/outputs/raw_data/Python/arun-gupta__agentic-tictactoe	/Users/marcelvogt/Documents/Documents-MacBookPro/Studies/TU-Berlin/Semester-Abroad/Calgary/Courses/AIinSE/FinalProject/msr-skills-md/outputs/raw_data_filtered_out/Python/arun-gupta__agentic-tictactoe	moved
astronomer/agents	Python	astronomer__agents	name_filter:agent	/Users/marcelvogt/Documents/Documents-MacBookPro/Studies/TU-Berlin/Semester-Abroad/Calgary/Courses/AIinSE/FinalProject/msr-skills-md/outputs/raw_data/Python/astronomer__agents	/Users/marcelvogt/Documents/Documents-MacBookPro/Studies/TU-Berlin/Semester-Abroad/Calgary/Courses/AIinSE/FinalProject/msr-skills-md/outputs/raw_data_filtered_out/Python/astronomer__agents	moved
aws-deadline/deadline-cloud-worker-agent	Python	aws-deadline__deadline-cloud-worker-agent	name_filter:agent	/Users/marcelvogt/Documents/Documents-MacBookPro/Studies/TU-Berlin/Semester-Abroad/Calgary/Courses/AIinSE/FinalProject/msr-skills-md/outputs/raw_data/Python/aws-deadline__deadline-cloud-worker-agent	/Users/marcelvogt/Documents/Documents-MacBookPro/Studies/TU-Berlin/Semester-Abroad/Calgary/Courses/AIinSE/FinalProject/msr-skills-md/outputs/raw_data_filtered_out/Python/aws-deadline__deadline-cloud-worker-agent	moved
aws-samples/sample-strands-agent-with-agentcore	Python	aws-samples__sample-strands-agent-with-agentcore	name_filter:agent	/Users/marcelvogt/Documents/Documents-MacBookPro/Studies/TU-Berlin/Semester-Abroad/Calgary/Courses/AIinSE/FinalProject/msr-skills-md/outputs/raw_data/Python/aws-samples__sample-strands-agent-with-agentcore	/Users/marcelvogt/Documents/Documents-MacBookPro/Studies/TU-Berlin/Semester-Abroad/Calgary/Courses/AIinSE/FinalProject/msr-skills-md/outputs/raw_data_filtered_out/Python/aws-samples__sample-strands-agent-with-agentcore	moved
basnijholt/agent-cli	Python	basnijholt__agent-cli	name_filter:agent	/Users/marcelvogt/Documents/Documents-MacBookPro/Studies/TU-Berlin/Semester-Abroad/Calgary/Courses/AIinSE/FinalProject/msr-skills-md/outputs/raw_data/Python/basnijholt__agent-cli	/Users/marcelvogt/Documents/Documents-MacBookPro/Studies/TU-Berlin/Semester-Abroad/Calgary/Courses/AIinSE/FinalProject/msr-skills-md/outputs/raw_data_filtered_out/Python/basnijholt__agent-cli	moved
bytedance/agentkit-samples	Python	bytedance__agentkit-samples	name_filter:agent	/Users/marcelvogt/Documents/Documents-MacBookPro/Studies/TU-Berlin/Semester-Abroad/Calgary/Courses/AIinSE/FinalProject/msr-skills-md/outputs/raw_data/Python/bytedance__agentkit-samples	/Users/marcelvogt/Documents/Documents-MacBookPro/Studies/TU-Berlin/Semester-Abroad/Calgary/Courses/AIinSE/FinalProject/msr-skills-md/outputs/raw_data_filtered_out/Python/bytedance__agentkit-samples	moved
celltype/celltype-agent	Python	celltype__celltype-agent	name_filter:agent	/Users/marcelvogt/Documents/Documents-MacBookPro/Studies/TU-Berlin/Semester-Abroad/Calgary/Courses/AIinSE/FinalProject/msr-skills-md/outputs/raw_data/Python/celltype__celltype-agent	/Users/marcelvogt/Documents/Documents-MacBookPro/Studies/TU-Berlin/Semester-Abroad/Calgary/Courses/AIinSE/FinalProject/msr-skills-md/outputs/raw_data_filtered_out/Python/celltype__celltype-agent	moved
coleam00/ottomator-agents	Python	coleam00__ottomator-agents	name_filter:agent	/Users/marcelvogt/Documents/Documents-MacBookPro/Studies/TU-Berlin/Semester-Abroad/Calgary/Courses/AIinSE/FinalProject/msr-skills-md/outputs/raw_data/Python/coleam00__ottomator-agents	/Users/marcelvogt/Documents/Documents-MacBookPro/Studies/TU-Berlin/Semester-Abroad/Calgary/Courses/AIinSE/FinalProject/msr-skills-md/outputs/raw_data_filtered_out/Python/coleam00__ottomator-agents	moved
collaborative-deep-research/agent-papers-cli	Python	collaborative-deep-research__agent-papers-cli	name_filter:agent	/Users/marcelvogt/Documents/Documents-MacBookPro/Studies/TU-Berlin/Semester-Abroad/Calgary/Courses/AIinSE/FinalProject/msr-skills-md/outputs/raw_data/Python/collaborative-deep-research__agent-papers-cli	/Users/marcelvogt/Documents/Documents-MacBookPro/Studies/TU-Berlin/Semester-Abroad/Calgary/Courses/AIinSE/FinalProject/msr-skills-md/outputs/raw_data_filtered_out/Python/collaborative-deep-research__agent-papers-cli	moved
datascienceworld-kan/vinagent	Python	datascienceworld-kan__vinagent	name_filter:agent	/Users/marcelvogt/Documents/Documents-MacBookPro/Studies/TU-Berlin/Semester-Abroad/Calgary/Courses/AIinSE/FinalProject/msr-skills-md/outputs/raw_data/Python/datascienceworld-kan__vinagent	/Users/marcelvogt/Documents/Documents-MacBookPro/Studies/TU-Berlin/Semester-Abroad/Calgary/Courses/AIinSE/FinalProject/msr-skills-md/outputs/raw_data_filtered_out/Python/datascienceworld-kan__vinagent	moved
evalstate/fast-agent	Python	evalstate__fast-agent	name_filter:agent	/Users/marcelvogt/Documents/Documents-MacBookPro/Studies/TU-Berlin/Semester-Abroad/Calgary/Courses/AIinSE/FinalProject/msr-skills-md/outputs/raw_data/Python/evalstate__fast-agent	/Users/marcelvogt/Documents/Documents-MacBookPro/Studies/TU-Berlin/Semester-Abroad/Calgary/Courses/AIinSE/FinalProject/msr-skills-md/outputs/raw_data_filtered_out/Python/evalstate__fast-agent	moved
ferdousbhai/investor-agent	Python	ferdousbhai__investor-agent	name_filter:agent	/Users/marcelvogt/Documents/Documents-MacBookPro/Studies/TU-Berlin/Semester-Abroad/Calgary/Courses/AIinSE/FinalProject/msr-skills-md/outputs/raw_data/Python/ferdousbhai__investor-agent	/Users/marcelvogt/Documents/Documents-MacBookPro/Studies/TU-Berlin/Semester-Abroad/Calgary/Courses/AIinSE/FinalProject/msr-skills-md/outputs/raw_data_filtered_out/Python/ferdousbhai__investor-agent	moved
ferdousbhai/tasty-agent	Python	ferdousbhai__tasty-agent	name_filter:agent	/Users/marcelvogt/Documents/Documents-MacBookPro/Studies/TU-Berlin/Semester-Abroad/Calgary/Courses/AIinSE/FinalProject/msr-skills-md/outputs/raw_data/Python/ferdousbhai__tasty-agent	/Users/marcelvogt/Documents/Documents-MacBookPro/Studies/TU-Berlin/Semester-Abroad/Calgary/Courses/AIinSE/FinalProject/msr-skills-md/outputs/raw_data_filtered_out/Python/ferdousbhai__tasty-agent	moved
goldengrape/Agent-company	Python	goldengrape__Agent-company	name_filter:agent	/Users/marcelvogt/Documents/Documents-MacBookPro/Studies/TU-Berlin/Semester-Abroad/Calgary/Courses/AIinSE/FinalProject/msr-skills-md/outputs/raw_data/Python/goldengrape__Agent-company	/Users/marcelvogt/Documents/Documents-MacBookPro/Studies/TU-Berlin/Semester-Abroad/Calgary/Courses/AIinSE/FinalProject/msr-skills-md/outputs/raw_data_filtered_out/Python/goldengrape__Agent-company	moved
gtmagents/gtm-agents	Python	gtmagents__gtm-agents	name_filter:agent	/Users/marcelvogt/Documents/Documents-MacBookPro/Studies/TU-Berlin/Semester-Abroad/Calgary/Courses/AIinSE/FinalProject/msr-skills-md/outputs/raw_data/Python/gtmagents__gtm-agents	/Users/marcelvogt/Documents/Documents-MacBookPro/Studies/TU-Berlin/Semester-Abroad/Calgary/Courses/AIinSE/FinalProject/msr-skills-md/outputs/raw_data_filtered_out/Python/gtmagents__gtm-agents	moved
hainamchung/agent-assistant	Python	hainamchung__agent-assistant	name_filter:agent	/Users/marcelvogt/Documents/Documents-MacBookPro/Studies/TU-Berlin/Semester-Abroad/Calgary/Courses/AIinSE/FinalProject/msr-skills-md/outputs/raw_data/Python/hainamchung__agent-assistant	/Users/marcelvogt/Documents/Documents-MacBookPro/Studies/TU-Berlin/Semester-Abroad/Calgary/Courses/AIinSE/FinalProject/msr-skills-md/outputs/raw_data_filtered_out/Python/hainamchung__agent-assistant	moved
hemanth/agentu	Python	hemanth__agentu	name_filter:agent	/Users/marcelvogt/Documents/Documents-MacBookPro/Studies/TU-Berlin/Semester-Abroad/Calgary/Courses/AIinSE/FinalProject/msr-skills-md/outputs/raw_data/Python/hemanth__agentu	/Users/marcelvogt/Documents/Documents-MacBookPro/Studies/TU-Berlin/Semester-Abroad/Calgary/Courses/AIinSE/FinalProject/msr-skills-md/outputs/raw_data_filtered_out/Python/hemanth__agentu	moved
hodgesmr/agent-fecfile	Python	hodgesmr__agent-fecfile	name_filter:agent	/Users/marcelvogt/Documents/Documents-MacBookPro/Studies/TU-Berlin/Semester-Abroad/Calgary/Courses/AIinSE/FinalProject/msr-skills-md/outputs/raw_data/Python/hodgesmr__agent-fecfile	/Users/marcelvogt/Documents/Documents-MacBookPro/Studies/TU-Berlin/Semester-Abroad/Calgary/Courses/AIinSE/FinalProject/msr-skills-md/outputs/raw_data_filtered_out/Python/hodgesmr__agent-fecfile	moved
i-am-bee/agentstack	Python	i-am-bee__agentstack	name_filter:agent	/Users/marcelvogt/Documents/Documents-MacBookPro/Studies/TU-Berlin/Semester-Abroad/Calgary/Courses/AIinSE/FinalProject/msr-skills-md/outputs/raw_data/Python/i-am-bee__agentstack	/Users/marcelvogt/Documents/Documents-MacBookPro/Studies/TU-Berlin/Semester-Abroad/Calgary/Courses/AIinSE/FinalProject/msr-skills-md/outputs/raw_data_filtered_out/Python/i-am-bee__agentstack	moved
jackby03/agentic-collaboration-standard	Python	jackby03__agentic-collaboration-standard	name_filter:agent	/Users/marcelvogt/Documents/Documents-MacBookPro/Studies/TU-Berlin/Semester-Abroad/Calgary/Courses/AIinSE/FinalProject/msr-skills-md/outputs/raw_data/Python/jackby03__agentic-collaboration-standard	/Users/marcelvogt/Documents/Documents-MacBookPro/Studies/TU-Berlin/Semester-Abroad/Calgary/Courses/AIinSE/FinalProject/msr-skills-md/outputs/raw_data_filtered_out/Python/jackby03__agentic-collaboration-standard	moved
jonathan-vella/azure-agentic-infraops	Python	jonathan-vella__azure-agentic-infraops	name_filter:agent	/Users/marcelvogt/Documents/Documents-MacBookPro/Studies/TU-Berlin/Semester-Abroad/Calgary/Courses/AIinSE/FinalProject/msr-skills-md/outputs/raw_data/Python/jonathan-vella__azure-agentic-infraops	/Users/marcelvogt/Documents/Documents-MacBookPro/Studies/TU-Berlin/Semester-Abroad/Calgary/Courses/AIinSE/FinalProject/msr-skills-md/outputs/raw_data_filtered_out/Python/jonathan-vella__azure-agentic-infraops	moved
jonathan-vella/azure-agentic-infraops-accelerator	Python	jonathan-vella__azure-agentic-infraops-accelerator	name_filter:agent	/Users/marcelvogt/Documents/Documents-MacBookPro/Studies/TU-Berlin/Semester-Abroad/Calgary/Courses/AIinSE/FinalProject/msr-skills-md/outputs/raw_data/Python/jonathan-vella__azure-agentic-infraops-accelerator	/Users/marcelvogt/Documents/Documents-MacBookPro/Studies/TU-Berlin/Semester-Abroad/Calgary/Courses/AIinSE/FinalProject/msr-skills-md/outputs/raw_data_filtered_out/Python/jonathan-vella__azure-agentic-infraops-accelerator	moved
kagenti/kagenti	Python	kagenti__kagenti	name_filter:agent	/Users/marcelvogt/Documents/Documents-MacBookPro/Studies/TU-Berlin/Semester-Abroad/Calgary/Courses/AIinSE/FinalProject/msr-skills-md/outputs/raw_data/Python/kagenti__kagenti	/Users/marcelvogt/Documents/Documents-MacBookPro/Studies/TU-Berlin/Semester-Abroad/Calgary/Courses/AIinSE/FinalProject/msr-skills-md/outputs/raw_data_filtered_out/Python/kagenti__kagenti	moved
kasperjunge/agent-resources	Python	kasperjunge__agent-resources	name_filter:agent	/Users/marcelvogt/Documents/Documents-MacBookPro/Studies/TU-Berlin/Semester-Abroad/Calgary/Courses/AIinSE/FinalProject/msr-skills-md/outputs/raw_data/Python/kasperjunge__agent-resources	/Users/marcelvogt/Documents/Documents-MacBookPro/Studies/TU-Berlin/Semester-Abroad/Calgary/Courses/AIinSE/FinalProject/msr-skills-md/outputs/raw_data_filtered_out/Python/kasperjunge__agent-resources	moved
kayba-ai/agentic-context-engine	Python	kayba-ai__agentic-context-engine	name_filter:agent	/Users/marcelvogt/Documents/Documents-MacBookPro/Studies/TU-Berlin/Semester-Abroad/Calgary/Courses/AIinSE/FinalProject/msr-skills-md/outputs/raw_data/Python/kayba-ai__agentic-context-engine	/Users/marcelvogt/Documents/Documents-MacBookPro/Studies/TU-Berlin/Semester-Abroad/Calgary/Courses/AIinSE/FinalProject/msr-skills-md/outputs/raw_data_filtered_out/Python/kayba-ai__agentic-context-engine	moved
kipeum86/contract-review-agent	Python	kipeum86__contract-review-agent	name_filter:agent	/Users/marcelvogt/Documents/Documents-MacBookPro/Studies/TU-Berlin/Semester-Abroad/Calgary/Courses/AIinSE/FinalProject/msr-skills-md/outputs/raw_data/Python/kipeum86__contract-review-agent	/Users/marcelvogt/Documents/Documents-MacBookPro/Studies/TU-Berlin/Semester-Abroad/Calgary/Courses/AIinSE/FinalProject/msr-skills-md/outputs/raw_data_filtered_out/Python/kipeum86__contract-review-agent	moved
kongusen/loom-agent	Python	kongusen__loom-agent	name_filter:agent	/Users/marcelvogt/Documents/Documents-MacBookPro/Studies/TU-Berlin/Semester-Abroad/Calgary/Courses/AIinSE/FinalProject/msr-skills-md/outputs/raw_data/Python/kongusen__loom-agent	/Users/marcelvogt/Documents/Documents-MacBookPro/Studies/TU-Berlin/Semester-Abroad/Calgary/Courses/AIinSE/FinalProject/msr-skills-md/outputs/raw_data_filtered_out/Python/kongusen__loom-agent	moved
kyopark2014/strands-agent	Python	kyopark2014__strands-agent	name_filter:agent	/Users/marcelvogt/Documents/Documents-MacBookPro/Studies/TU-Berlin/Semester-Abroad/Calgary/Courses/AIinSE/FinalProject/msr-skills-md/outputs/raw_data/Python/kyopark2014__strands-agent	/Users/marcelvogt/Documents/Documents-MacBookPro/Studies/TU-Berlin/Semester-Abroad/Calgary/Courses/AIinSE/FinalProject/msr-skills-md/outputs/raw_data_filtered_out/Python/kyopark2014__strands-agent	moved
langchain-ai/deepagents	Python	langchain-ai__deepagents	name_filter:agent	/Users/marcelvogt/Documents/Documents-MacBookPro/Studies/TU-Berlin/Semester-Abroad/Calgary/Courses/AIinSE/FinalProject/msr-skills-md/outputs/raw_data/Python/langchain-ai__deepagents	/Users/marcelvogt/Documents/Documents-MacBookPro/Studies/TU-Berlin/Semester-Abroad/Calgary/Courses/AIinSE/FinalProject/msr-skills-md/outputs/raw_data_filtered_out/Python/langchain-ai__deepagents	moved
lsdefine/GenericAgent	Python	lsdefine__GenericAgent	name_filter:agent	/Users/marcelvogt/Documents/Documents-MacBookPro/Studies/TU-Berlin/Semester-Abroad/Calgary/Courses/AIinSE/FinalProject/msr-skills-md/outputs/raw_data/Python/lsdefine__GenericAgent	/Users/marcelvogt/Documents/Documents-MacBookPro/Studies/TU-Berlin/Semester-Abroad/Calgary/Courses/AIinSE/FinalProject/msr-skills-md/outputs/raw_data_filtered_out/Python/lsdefine__GenericAgent	moved
memgrafter/flatagents	Python	memgrafter__flatagents	name_filter:agent	/Users/marcelvogt/Documents/Documents-MacBookPro/Studies/TU-Berlin/Semester-Abroad/Calgary/Courses/AIinSE/FinalProject/msr-skills-md/outputs/raw_data/Python/memgrafter__flatagents	/Users/marcelvogt/Documents/Documents-MacBookPro/Studies/TU-Berlin/Semester-Abroad/Calgary/Courses/AIinSE/FinalProject/msr-skills-md/outputs/raw_data_filtered_out/Python/memgrafter__flatagents	moved
microsoft/Agent365-python	Python	microsoft__Agent365-python	name_filter:agent	/Users/marcelvogt/Documents/Documents-MacBookPro/Studies/TU-Berlin/Semester-Abroad/Calgary/Courses/AIinSE/FinalProject/msr-skills-md/outputs/raw_data/Python/microsoft__Agent365-python	/Users/marcelvogt/Documents/Documents-MacBookPro/Studies/TU-Berlin/Semester-Abroad/Calgary/Courses/AIinSE/FinalProject/msr-skills-md/outputs/raw_data_filtered_out/Python/microsoft__Agent365-python	moved
microsoft/agent-framework	Python	microsoft__agent-framework	name_filter:agent	/Users/marcelvogt/Documents/Documents-MacBookPro/Studies/TU-Berlin/Semester-Abroad/Calgary/Courses/AIinSE/FinalProject/msr-skills-md/outputs/raw_data/Python/microsoft__agent-framework	/Users/marcelvogt/Documents/Documents-MacBookPro/Studies/TU-Berlin/Semester-Abroad/Calgary/Courses/AIinSE/FinalProject/msr-skills-md/outputs/raw_data_filtered_out/Python/microsoft__agent-framework	moved
modelscope/AgentJet	Python	modelscope__AgentJet	name_filter:agent	/Users/marcelvogt/Documents/Documents-MacBookPro/Studies/TU-Berlin/Semester-Abroad/Calgary/Courses/AIinSE/FinalProject/msr-skills-md/outputs/raw_data/Python/modelscope__AgentJet	/Users/marcelvogt/Documents/Documents-MacBookPro/Studies/TU-Berlin/Semester-Abroad/Calgary/Courses/AIinSE/FinalProject/msr-skills-md/outputs/raw_data_filtered_out/Python/modelscope__AgentJet	moved
modelscope/ms-agent	Python	modelscope__ms-agent	name_filter:agent	/Users/marcelvogt/Documents/Documents-MacBookPro/Studies/TU-Berlin/Semester-Abroad/Calgary/Courses/AIinSE/FinalProject/msr-skills-md/outputs/raw_data/Python/modelscope__ms-agent	/Users/marcelvogt/Documents/Documents-MacBookPro/Studies/TU-Berlin/Semester-Abroad/Calgary/Courses/AIinSE/FinalProject/msr-skills-md/outputs/raw_data_filtered_out/Python/modelscope__ms-agent	moved
motoya0118/pavlok_CLI_agent	Python	motoya0118__pavlok_CLI_agent	name_filter:agent	/Users/marcelvogt/Documents/Documents-MacBookPro/Studies/TU-Berlin/Semester-Abroad/Calgary/Courses/AIinSE/FinalProject/msr-skills-md/outputs/raw_data/Python/motoya0118__pavlok_CLI_agent	/Users/marcelvogt/Documents/Documents-MacBookPro/Studies/TU-Berlin/Semester-Abroad/Calgary/Courses/AIinSE/FinalProject/msr-skills-md/outputs/raw_data_filtered_out/Python/motoya0118__pavlok_CLI_agent	moved
mverab/eGEOagents	Python	mverab__eGEOagents	name_filter:agent	/Users/marcelvogt/Documents/Documents-MacBookPro/Studies/TU-Berlin/Semester-Abroad/Calgary/Courses/AIinSE/FinalProject/msr-skills-md/outputs/raw_data/Python/mverab__eGEOagents	/Users/marcelvogt/Documents/Documents-MacBookPro/Studies/TU-Berlin/Semester-Abroad/Calgary/Courses/AIinSE/FinalProject/msr-skills-md/outputs/raw_data_filtered_out/Python/mverab__eGEOagents	moved
neo4j-labs/agent-memory	Python	neo4j-labs__agent-memory	name_filter:agent	/Users/marcelvogt/Documents/Documents-MacBookPro/Studies/TU-Berlin/Semester-Abroad/Calgary/Courses/AIinSE/FinalProject/msr-skills-md/outputs/raw_data/Python/neo4j-labs__agent-memory	/Users/marcelvogt/Documents/Documents-MacBookPro/Studies/TU-Berlin/Semester-Abroad/Calgary/Courses/AIinSE/FinalProject/msr-skills-md/outputs/raw_data_filtered_out/Python/neo4j-labs__agent-memory	moved
nerdai/llm-agents-from-scratch	Python	nerdai__llm-agents-from-scratch	name_filter:agent	/Users/marcelvogt/Documents/Documents-MacBookPro/Studies/TU-Berlin/Semester-Abroad/Calgary/Courses/AIinSE/FinalProject/msr-skills-md/outputs/raw_data/Python/nerdai__llm-agents-from-scratch	/Users/marcelvogt/Documents/Documents-MacBookPro/Studies/TU-Berlin/Semester-Abroad/Calgary/Courses/AIinSE/FinalProject/msr-skills-md/outputs/raw_data_filtered_out/Python/nerdai__llm-agents-from-scratch	moved
okahu-demos/adk-travel-agent	Python	okahu-demos__adk-travel-agent	name_filter:agent	/Users/marcelvogt/Documents/Documents-MacBookPro/Studies/TU-Berlin/Semester-Abroad/Calgary/Courses/AIinSE/FinalProject/msr-skills-md/outputs/raw_data/Python/okahu-demos__adk-travel-agent	/Users/marcelvogt/Documents/Documents-MacBookPro/Studies/TU-Berlin/Semester-Abroad/Calgary/Courses/AIinSE/FinalProject/msr-skills-md/outputs/raw_data_filtered_out/Python/okahu-demos__adk-travel-agent	moved
onvoyage-ai/voyage-geo-agent	Python	onvoyage-ai__voyage-geo-agent	name_filter:agent	/Users/marcelvogt/Documents/Documents-MacBookPro/Studies/TU-Berlin/Semester-Abroad/Calgary/Courses/AIinSE/FinalProject/msr-skills-md/outputs/raw_data/Python/onvoyage-ai__voyage-geo-agent	/Users/marcelvogt/Documents/Documents-MacBookPro/Studies/TU-Berlin/Semester-Abroad/Calgary/Courses/AIinSE/FinalProject/msr-skills-md/outputs/raw_data_filtered_out/Python/onvoyage-ai__voyage-geo-agent	moved
openJiuwen-ai/agent-core	Python	openJiuwen-ai__agent-core	name_filter:agent	/Users/marcelvogt/Documents/Documents-MacBookPro/Studies/TU-Berlin/Semester-Abroad/Calgary/Courses/AIinSE/FinalProject/msr-skills-md/outputs/raw_data/Python/openJiuwen-ai__agent-core	/Users/marcelvogt/Documents/Documents-MacBookPro/Studies/TU-Berlin/Semester-Abroad/Calgary/Courses/AIinSE/FinalProject/msr-skills-md/outputs/raw_data_filtered_out/Python/openJiuwen-ai__agent-core	moved
openai/openai-agents-python	Python	openai__openai-agents-python	name_filter:agent	/Users/marcelvogt/Documents/Documents-MacBookPro/Studies/TU-Berlin/Semester-Abroad/Calgary/Courses/AIinSE/FinalProject/msr-skills-md/outputs/raw_data/Python/openai__openai-agents-python	/Users/marcelvogt/Documents/Documents-MacBookPro/Studies/TU-Berlin/Semester-Abroad/Calgary/Courses/AIinSE/FinalProject/msr-skills-md/outputs/raw_data_filtered_out/Python/openai__openai-agents-python	moved
owenliang/deepagent	Python	owenliang__deepagent	name_filter:agent	/Users/marcelvogt/Documents/Documents-MacBookPro/Studies/TU-Berlin/Semester-Abroad/Calgary/Courses/AIinSE/FinalProject/msr-skills-md/outputs/raw_data/Python/owenliang__deepagent	/Users/marcelvogt/Documents/Documents-MacBookPro/Studies/TU-Berlin/Semester-Abroad/Calgary/Courses/AIinSE/FinalProject/msr-skills-md/outputs/raw_data_filtered_out/Python/owenliang__deepagent	moved
partarstu/agentic-qa-framework	Python	partarstu__agentic-qa-framework	name_filter:agent	/Users/marcelvogt/Documents/Documents-MacBookPro/Studies/TU-Berlin/Semester-Abroad/Calgary/Courses/AIinSE/FinalProject/msr-skills-md/outputs/raw_data/Python/partarstu__agentic-qa-framework	/Users/marcelvogt/Documents/Documents-MacBookPro/Studies/TU-Berlin/Semester-Abroad/Calgary/Courses/AIinSE/FinalProject/msr-skills-md/outputs/raw_data_filtered_out/Python/partarstu__agentic-qa-framework	moved
phil65/agentpool	Python	phil65__agentpool	name_filter:agent	/Users/marcelvogt/Documents/Documents-MacBookPro/Studies/TU-Berlin/Semester-Abroad/Calgary/Courses/AIinSE/FinalProject/msr-skills-md/outputs/raw_data/Python/phil65__agentpool	/Users/marcelvogt/Documents/Documents-MacBookPro/Studies/TU-Berlin/Semester-Abroad/Calgary/Courses/AIinSE/FinalProject/msr-skills-md/outputs/raw_data_filtered_out/Python/phil65__agentpool	moved
qtalen/agentic-ai-playground	Python	qtalen__agentic-ai-playground	name_filter:agent	/Users/marcelvogt/Documents/Documents-MacBookPro/Studies/TU-Berlin/Semester-Abroad/Calgary/Courses/AIinSE/FinalProject/msr-skills-md/outputs/raw_data/Python/qtalen__agentic-ai-playground	/Users/marcelvogt/Documents/Documents-MacBookPro/Studies/TU-Berlin/Semester-Abroad/Calgary/Courses/AIinSE/FinalProject/msr-skills-md/outputs/raw_data_filtered_out/Python/qtalen__agentic-ai-playground	moved
sammcj/agentic-coding	Python	sammcj__agentic-coding	name_filter:agent	/Users/marcelvogt/Documents/Documents-MacBookPro/Studies/TU-Berlin/Semester-Abroad/Calgary/Courses/AIinSE/FinalProject/msr-skills-md/outputs/raw_data/Python/sammcj__agentic-coding	/Users/marcelvogt/Documents/Documents-MacBookPro/Studies/TU-Berlin/Semester-Abroad/Calgary/Courses/AIinSE/FinalProject/msr-skills-md/outputs/raw_data_filtered_out/Python/sammcj__agentic-coding	moved
sddevelopment-be/quickstart_agent-augmented-development	Python	sddevelopment-be__quickstart_agent-augmented-development	name_filter:agent	/Users/marcelvogt/Documents/Documents-MacBookPro/Studies/TU-Berlin/Semester-Abroad/Calgary/Courses/AIinSE/FinalProject/msr-skills-md/outputs/raw_data/Python/sddevelopment-be__quickstart_agent-augmented-development	/Users/marcelvogt/Documents/Documents-MacBookPro/Studies/TU-Berlin/Semester-Abroad/Calgary/Courses/AIinSE/FinalProject/msr-skills-md/outputs/raw_data_filtered_out/Python/sddevelopment-be__quickstart_agent-augmented-development	moved
seolcoding/nonstop-agent	Python	seolcoding__nonstop-agent	name_filter:agent	/Users/marcelvogt/Documents/Documents-MacBookPro/Studies/TU-Berlin/Semester-Abroad/Calgary/Courses/AIinSE/FinalProject/msr-skills-md/outputs/raw_data/Python/seolcoding__nonstop-agent	/Users/marcelvogt/Documents/Documents-MacBookPro/Studies/TU-Berlin/Semester-Abroad/Calgary/Courses/AIinSE/FinalProject/msr-skills-md/outputs/raw_data_filtered_out/Python/seolcoding__nonstop-agent	moved
sequenzia/agent-alchemy	Python	sequenzia__agent-alchemy	name_filter:agent	/Users/marcelvogt/Documents/Documents-MacBookPro/Studies/TU-Berlin/Semester-Abroad/Calgary/Courses/AIinSE/FinalProject/msr-skills-md/outputs/raw_data/Python/sequenzia__agent-alchemy	/Users/marcelvogt/Documents/Documents-MacBookPro/Studies/TU-Berlin/Semester-Abroad/Calgary/Courses/AIinSE/FinalProject/msr-skills-md/outputs/raw_data_filtered_out/Python/sequenzia__agent-alchemy	moved
shibing624/agentica	Python	shibing624__agentica	name_filter:agent	/Users/marcelvogt/Documents/Documents-MacBookPro/Studies/TU-Berlin/Semester-Abroad/Calgary/Courses/AIinSE/FinalProject/msr-skills-md/outputs/raw_data/Python/shibing624__agentica	/Users/marcelvogt/Documents/Documents-MacBookPro/Studies/TU-Berlin/Semester-Abroad/Calgary/Courses/AIinSE/FinalProject/msr-skills-md/outputs/raw_data_filtered_out/Python/shibing624__agentica	moved
simular-ai/Agent-S	Python	simular-ai__Agent-S	name_filter:agent	/Users/marcelvogt/Documents/Documents-MacBookPro/Studies/TU-Berlin/Semester-Abroad/Calgary/Courses/AIinSE/FinalProject/msr-skills-md/outputs/raw_data/Python/simular-ai__Agent-S	/Users/marcelvogt/Documents/Documents-MacBookPro/Studies/TU-Berlin/Semester-Abroad/Calgary/Courses/AIinSE/FinalProject/msr-skills-md/outputs/raw_data_filtered_out/Python/simular-ai__Agent-S	moved
smixs/agent-second-brain	Python	smixs__agent-second-brain	name_filter:agent	/Users/marcelvogt/Documents/Documents-MacBookPro/Studies/TU-Berlin/Semester-Abroad/Calgary/Courses/AIinSE/FinalProject/msr-skills-md/outputs/raw_data/Python/smixs__agent-second-brain	/Users/marcelvogt/Documents/Documents-MacBookPro/Studies/TU-Berlin/Semester-Abroad/Calgary/Courses/AIinSE/FinalProject/msr-skills-md/outputs/raw_data_filtered_out/Python/smixs__agent-second-brain	moved
snyk/agent-scan	Python	snyk__agent-scan	name_filter:agent	/Users/marcelvogt/Documents/Documents-MacBookPro/Studies/TU-Berlin/Semester-Abroad/Calgary/Courses/AIinSE/FinalProject/msr-skills-md/outputs/raw_data/Python/snyk__agent-scan	/Users/marcelvogt/Documents/Documents-MacBookPro/Studies/TU-Berlin/Semester-Abroad/Calgary/Courses/AIinSE/FinalProject/msr-skills-md/outputs/raw_data_filtered_out/Python/snyk__agent-scan	moved
strands-agents/agent-sop	Python	strands-agents__agent-sop	name_filter:agent	/Users/marcelvogt/Documents/Documents-MacBookPro/Studies/TU-Berlin/Semester-Abroad/Calgary/Courses/AIinSE/FinalProject/msr-skills-md/outputs/raw_data/Python/strands-agents__agent-sop	/Users/marcelvogt/Documents/Documents-MacBookPro/Studies/TU-Berlin/Semester-Abroad/Calgary/Courses/AIinSE/FinalProject/msr-skills-md/outputs/raw_data_filtered_out/Python/strands-agents__agent-sop	moved
taylorai/agent-history	Python	taylorai__agent-history	name_filter:agent	/Users/marcelvogt/Documents/Documents-MacBookPro/Studies/TU-Berlin/Semester-Abroad/Calgary/Courses/AIinSE/FinalProject/msr-skills-md/outputs/raw_data/Python/taylorai__agent-history	/Users/marcelvogt/Documents/Documents-MacBookPro/Studies/TU-Berlin/Semester-Abroad/Calgary/Courses/AIinSE/FinalProject/msr-skills-md/outputs/raw_data_filtered_out/Python/taylorai__agent-history	moved
timothywarner-org/agents2	Python	timothywarner-org__agents2	name_filter:agent	/Users/marcelvogt/Documents/Documents-MacBookPro/Studies/TU-Berlin/Semester-Abroad/Calgary/Courses/AIinSE/FinalProject/msr-skills-md/outputs/raw_data/Python/timothywarner-org__agents2	/Users/marcelvogt/Documents/Documents-MacBookPro/Studies/TU-Berlin/Semester-Abroad/Calgary/Courses/AIinSE/FinalProject/msr-skills-md/outputs/raw_data_filtered_out/Python/timothywarner-org__agents2	moved
tsinghua-fib-lab/AgentSociety	Python	tsinghua-fib-lab__AgentSociety	name_filter:agent	/Users/marcelvogt/Documents/Documents-MacBookPro/Studies/TU-Berlin/Semester-Abroad/Calgary/Courses/AIinSE/FinalProject/msr-skills-md/outputs/raw_data/Python/tsinghua-fib-lab__AgentSociety	/Users/marcelvogt/Documents/Documents-MacBookPro/Studies/TU-Berlin/Semester-Abroad/Calgary/Courses/AIinSE/FinalProject/msr-skills-md/outputs/raw_data_filtered_out/Python/tsinghua-fib-lab__AgentSociety	moved
vasilyu1983/AI-Agents-public	Python	vasilyu1983__AI-Agents-public	name_filter:agent	/Users/marcelvogt/Documents/Documents-MacBookPro/Studies/TU-Berlin/Semester-Abroad/Calgary/Courses/AIinSE/FinalProject/msr-skills-md/outputs/raw_data/Python/vasilyu1983__AI-Agents-public	/Users/marcelvogt/Documents/Documents-MacBookPro/Studies/TU-Berlin/Semester-Abroad/Calgary/Courses/AIinSE/FinalProject/msr-skills-md/outputs/raw_data_filtered_out/Python/vasilyu1983__AI-Agents-public	moved
victordibia/designing-multiagent-systems	Python	victordibia__designing-multiagent-systems	name_filter:agent	/Users/marcelvogt/Documents/Documents-MacBookPro/Studies/TU-Berlin/Semester-Abroad/Calgary/Courses/AIinSE/FinalProject/msr-skills-md/outputs/raw_data/Python/victordibia__designing-multiagent-systems	/Users/marcelvogt/Documents/Documents-MacBookPro/Studies/TU-Berlin/Semester-Abroad/Calgary/Courses/AIinSE/FinalProject/msr-skills-md/outputs/raw_data_filtered_out/Python/victordibia__designing-multiagent-systems	moved
vstorm-co/pydantic-deepagents	Python	vstorm-co__pydantic-deepagents	name_filter:agent	/Users/marcelvogt/Documents/Documents-MacBookPro/Studies/TU-Berlin/Semester-Abroad/Calgary/Courses/AIinSE/FinalProject/msr-skills-md/outputs/raw_data/Python/vstorm-co__pydantic-deepagents	/Users/marcelvogt/Documents/Documents-MacBookPro/Studies/TU-Berlin/Semester-Abroad/Calgary/Courses/AIinSE/FinalProject/msr-skills-md/outputs/raw_data_filtered_out/Python/vstorm-co__pydantic-deepagents	moved
vurakit/agentup	Python	vurakit__agentup	name_filter:agent	/Users/marcelvogt/Documents/Documents-MacBookPro/Studies/TU-Berlin/Semester-Abroad/Calgary/Courses/AIinSE/FinalProject/msr-skills-md/outputs/raw_data/Python/vurakit__agentup	/Users/marcelvogt/Documents/Documents-MacBookPro/Studies/TU-Berlin/Semester-Abroad/Calgary/Courses/AIinSE/FinalProject/msr-skills-md/outputs/raw_data_filtered_out/Python/vurakit__agentup	moved
wshobson/agents	Python	wshobson__agents	name_filter:agent	/Users/marcelvogt/Documents/Documents-MacBookPro/Studies/TU-Berlin/Semester-Abroad/Calgary/Courses/AIinSE/FinalProject/msr-skills-md/outputs/raw_data/Python/wshobson__agents	/Users/marcelvogt/Documents/Documents-MacBookPro/Studies/TU-Berlin/Semester-Abroad/Calgary/Courses/AIinSE/FinalProject/msr-skills-md/outputs/raw_data_filtered_out/Python/wshobson__agents	moved
yaalalabs/agent-kernel	Python	yaalalabs__agent-kernel	name_filter:agent	/Users/marcelvogt/Documents/Documents-MacBookPro/Studies/TU-Berlin/Semester-Abroad/Calgary/Courses/AIinSE/FinalProject/msr-skills-md/outputs/raw_data/Python/yaalalabs__agent-kernel	/Users/marcelvogt/Documents/Documents-MacBookPro/Studies/TU-Berlin/Semester-Abroad/Calgary/Courses/AIinSE/FinalProject/msr-skills-md/outputs/raw_data_filtered_out/Python/yaalalabs__agent-kernel	moved
yezannnnn/agentGroup	Python	yezannnnn__agentGroup	name_filter:agent	/Users/marcelvogt/Documents/Documents-MacBookPro/Studies/TU-Berlin/Semester-Abroad/Calgary/Courses/AIinSE/FinalProject/msr-skills-md/outputs/raw_data/Python/yezannnnn__agentGroup	/Users/marcelvogt/Documents/Documents-MacBookPro/Studies/TU-Berlin/Semester-Abroad/Calgary/Courses/AIinSE/FinalProject/msr-skills-md/outputs/raw_data_filtered_out/Python/yezannnnn__agentGroup	moved
yhy0/CHYing-agent	Python	yhy0__CHYing-agent	name_filter:agent	/Users/marcelvogt/Documents/Documents-MacBookPro/Studies/TU-Berlin/Semester-Abroad/Calgary/Courses/AIinSE/FinalProject/msr-skills-md/outputs/raw_data/Python/yhy0__CHYing-agent	/Users/marcelvogt/Documents/Documents-MacBookPro/Studies/TU-Berlin/Semester-Abroad/Calgary/Courses/AIinSE/FinalProject/msr-skills-md/outputs/raw_data_filtered_out/Python/yhy0__CHYing-agent	moved
youware-labs/pai-agent-sdk	Python	youware-labs__pai-agent-sdk	name_filter:agent	/Users/marcelvogt/Documents/Documents-MacBookPro/Studies/TU-Berlin/Semester-Abroad/Calgary/Courses/AIinSE/FinalProject/msr-skills-md/outputs/raw_data/Python/youware-labs__pai-agent-sdk	/Users/marcelvogt/Documents/Documents-MacBookPro/Studies/TU-Berlin/Semester-Abroad/Calgary/Courses/AIinSE/FinalProject/msr-skills-md/outputs/raw_data_filtered_out/Python/youware-labs__pai-agent-sdk	moved
MoonshotAI/kimi-agent-rs	Rust	MoonshotAI__kimi-agent-rs	name_filter:agent	/Users/marcelvogt/Documents/Documents-MacBookPro/Studies/TU-Berlin/Semester-Abroad/Calgary/Courses/AIinSE/FinalProject/msr-skills-md/outputs/raw_data/Rust/MoonshotAI__kimi-agent-rs	/Users/marcelvogt/Documents/Documents-MacBookPro/Studies/TU-Berlin/Semester-Abroad/Calgary/Courses/AIinSE/FinalProject/msr-skills-md/outputs/raw_data_filtered_out/Rust/MoonshotAI__kimi-agent-rs	moved
ZhangHanDong/agent-spec	Rust	ZhangHanDong__agent-spec	name_filter:agent	/Users/marcelvogt/Documents/Documents-MacBookPro/Studies/TU-Berlin/Semester-Abroad/Calgary/Courses/AIinSE/FinalProject/msr-skills-md/outputs/raw_data/Rust/ZhangHanDong__agent-spec	/Users/marcelvogt/Documents/Documents-MacBookPro/Studies/TU-Berlin/Semester-Abroad/Calgary/Courses/AIinSE/FinalProject/msr-skills-md/outputs/raw_data_filtered_out/Rust/ZhangHanDong__agent-spec	moved
ZhangHanDong/agent-teams-rs	Rust	ZhangHanDong__agent-teams-rs	name_filter:agent	/Users/marcelvogt/Documents/Documents-MacBookPro/Studies/TU-Berlin/Semester-Abroad/Calgary/Courses/AIinSE/FinalProject/msr-skills-md/outputs/raw_data/Rust/ZhangHanDong__agent-teams-rs	/Users/marcelvogt/Documents/Documents-MacBookPro/Studies/TU-Berlin/Semester-Abroad/Calgary/Courses/AIinSE/FinalProject/msr-skills-md/outputs/raw_data_filtered_out/Rust/ZhangHanDong__agent-teams-rs	moved
agenticsorg/lean-agentic	Rust	agenticsorg__lean-agentic	name_filter:agent	/Users/marcelvogt/Documents/Documents-MacBookPro/Studies/TU-Berlin/Semester-Abroad/Calgary/Courses/AIinSE/FinalProject/msr-skills-md/outputs/raw_data/Rust/agenticsorg__lean-agentic	/Users/marcelvogt/Documents/Documents-MacBookPro/Studies/TU-Berlin/Semester-Abroad/Calgary/Courses/AIinSE/FinalProject/msr-skills-md/outputs/raw_data_filtered_out/Rust/agenticsorg__lean-agentic	moved
dallay/agentsync	Rust	dallay__agentsync	name_filter:agent	/Users/marcelvogt/Documents/Documents-MacBookPro/Studies/TU-Berlin/Semester-Abroad/Calgary/Courses/AIinSE/FinalProject/msr-skills-md/outputs/raw_data/Rust/dallay__agentsync	/Users/marcelvogt/Documents/Documents-MacBookPro/Studies/TU-Berlin/Semester-Abroad/Calgary/Courses/AIinSE/FinalProject/msr-skills-md/outputs/raw_data_filtered_out/Rust/dallay__agentsync	moved
giosakti/duragent	Rust	giosakti__duragent	name_filter:agent	/Users/marcelvogt/Documents/Documents-MacBookPro/Studies/TU-Berlin/Semester-Abroad/Calgary/Courses/AIinSE/FinalProject/msr-skills-md/outputs/raw_data/Rust/giosakti__duragent	/Users/marcelvogt/Documents/Documents-MacBookPro/Studies/TU-Berlin/Semester-Abroad/Calgary/Courses/AIinSE/FinalProject/msr-skills-md/outputs/raw_data_filtered_out/Rust/giosakti__duragent	moved
liqiongyu/agentpack	Rust	liqiongyu__agentpack	name_filter:agent	/Users/marcelvogt/Documents/Documents-MacBookPro/Studies/TU-Berlin/Semester-Abroad/Calgary/Courses/AIinSE/FinalProject/msr-skills-md/outputs/raw_data/Rust/liqiongyu__agentpack	/Users/marcelvogt/Documents/Documents-MacBookPro/Studies/TU-Berlin/Semester-Abroad/Calgary/Courses/AIinSE/FinalProject/msr-skills-md/outputs/raw_data_filtered_out/Rust/liqiongyu__agentpack	moved
njbrake/agent-of-empires	Rust	njbrake__agent-of-empires	name_filter:agent	/Users/marcelvogt/Documents/Documents-MacBookPro/Studies/TU-Berlin/Semester-Abroad/Calgary/Courses/AIinSE/FinalProject/msr-skills-md/outputs/raw_data/Rust/njbrake__agent-of-empires	/Users/marcelvogt/Documents/Documents-MacBookPro/Studies/TU-Berlin/Semester-Abroad/Calgary/Courses/AIinSE/FinalProject/msr-skills-md/outputs/raw_data_filtered_out/Rust/njbrake__agent-of-empires	moved
sondera-ai/sondera-coding-agent-hooks	Rust	sondera-ai__sondera-coding-agent-hooks	name_filter:agent	/Users/marcelvogt/Documents/Documents-MacBookPro/Studies/TU-Berlin/Semester-Abroad/Calgary/Courses/AIinSE/FinalProject/msr-skills-md/outputs/raw_data/Rust/sondera-ai__sondera-coding-agent-hooks	/Users/marcelvogt/Documents/Documents-MacBookPro/Studies/TU-Berlin/Semester-Abroad/Calgary/Courses/AIinSE/FinalProject/msr-skills-md/outputs/raw_data_filtered_out/Rust/sondera-ai__sondera-coding-agent-hooks	moved
thrashr888/agentkernel	Rust	thrashr888__agentkernel	name_filter:agent	/Users/marcelvogt/Documents/Documents-MacBookPro/Studies/TU-Berlin/Semester-Abroad/Calgary/Courses/AIinSE/FinalProject/msr-skills-md/outputs/raw_data/Rust/thrashr888__agentkernel	/Users/marcelvogt/Documents/Documents-MacBookPro/Studies/TU-Berlin/Semester-Abroad/Calgary/Courses/AIinSE/FinalProject/msr-skills-md/outputs/raw_data_filtered_out/Rust/thrashr888__agentkernel	moved
0xPolygon/polygon-agent-cli	TypeScript	0xPolygon__polygon-agent-cli	name_filter:agent	/Users/marcelvogt/Documents/Documents-MacBookPro/Studies/TU-Berlin/Semester-Abroad/Calgary/Courses/AIinSE/FinalProject/msr-skills-md/outputs/raw_data/TypeScript/0xPolygon__polygon-agent-cli	/Users/marcelvogt/Documents/Documents-MacBookPro/Studies/TU-Berlin/Semester-Abroad/Calgary/Courses/AIinSE/FinalProject/msr-skills-md/outputs/raw_data_filtered_out/TypeScript/0xPolygon__polygon-agent-cli	moved
AgentlyHQ/use-agently	TypeScript	AgentlyHQ__use-agently	name_filter:agent	/Users/marcelvogt/Documents/Documents-MacBookPro/Studies/TU-Berlin/Semester-Abroad/Calgary/Courses/AIinSE/FinalProject/msr-skills-md/outputs/raw_data/TypeScript/AgentlyHQ__use-agently	/Users/marcelvogt/Documents/Documents-MacBookPro/Studies/TU-Berlin/Semester-Abroad/Calgary/Courses/AIinSE/FinalProject/msr-skills-md/outputs/raw_data_filtered_out/TypeScript/AgentlyHQ__use-agently	moved
Ataraxy-Labs/agent-electrobun	TypeScript	Ataraxy-Labs__agent-electrobun	name_filter:agent	/Users/marcelvogt/Documents/Documents-MacBookPro/Studies/TU-Berlin/Semester-Abroad/Calgary/Courses/AIinSE/FinalProject/msr-skills-md/outputs/raw_data/TypeScript/Ataraxy-Labs__agent-electrobun	/Users/marcelvogt/Documents/Documents-MacBookPro/Studies/TU-Berlin/Semester-Abroad/Calgary/Courses/AIinSE/FinalProject/msr-skills-md/outputs/raw_data_filtered_out/TypeScript/Ataraxy-Labs__agent-electrobun	moved
Balneario-de-Cofrentes/notion-cli-agent	TypeScript	Balneario-de-Cofrentes__notion-cli-agent	name_filter:agent	/Users/marcelvogt/Documents/Documents-MacBookPro/Studies/TU-Berlin/Semester-Abroad/Calgary/Courses/AIinSE/FinalProject/msr-skills-md/outputs/raw_data/TypeScript/Balneario-de-Cofrentes__notion-cli-agent	/Users/marcelvogt/Documents/Documents-MacBookPro/Studies/TU-Berlin/Semester-Abroad/Calgary/Courses/AIinSE/FinalProject/msr-skills-md/outputs/raw_data_filtered_out/TypeScript/Balneario-de-Cofrentes__notion-cli-agent	moved
Code-MonkeyZhang/mini-agent-ts	TypeScript	Code-MonkeyZhang__mini-agent-ts	name_filter:agent	/Users/marcelvogt/Documents/Documents-MacBookPro/Studies/TU-Berlin/Semester-Abroad/Calgary/Courses/AIinSE/FinalProject/msr-skills-md/outputs/raw_data/TypeScript/Code-MonkeyZhang__mini-agent-ts	/Users/marcelvogt/Documents/Documents-MacBookPro/Studies/TU-Berlin/Semester-Abroad/Calgary/Courses/AIinSE/FinalProject/msr-skills-md/outputs/raw_data_filtered_out/TypeScript/Code-MonkeyZhang__mini-agent-ts	moved
DV0x/creative-ad-agent	TypeScript	DV0x__creative-ad-agent	name_filter:agent	/Users/marcelvogt/Documents/Documents-MacBookPro/Studies/TU-Berlin/Semester-Abroad/Calgary/Courses/AIinSE/FinalProject/msr-skills-md/outputs/raw_data/TypeScript/DV0x__creative-ad-agent	/Users/marcelvogt/Documents/Documents-MacBookPro/Studies/TU-Berlin/Semester-Abroad/Calgary/Courses/AIinSE/FinalProject/msr-skills-md/outputs/raw_data_filtered_out/TypeScript/DV0x__creative-ad-agent	moved
Deepractice/AgentX	TypeScript	Deepractice__AgentX	name_filter:agent	/Users/marcelvogt/Documents/Documents-MacBookPro/Studies/TU-Berlin/Semester-Abroad/Calgary/Courses/AIinSE/FinalProject/msr-skills-md/outputs/raw_data/TypeScript/Deepractice__AgentX	/Users/marcelvogt/Documents/Documents-MacBookPro/Studies/TU-Berlin/Semester-Abroad/Calgary/Courses/AIinSE/FinalProject/msr-skills-md/outputs/raw_data_filtered_out/TypeScript/Deepractice__AgentX	moved
GeoloeG-IsT/agents-reverse-engineer	TypeScript	GeoloeG-IsT__agents-reverse-engineer	name_filter:agent	/Users/marcelvogt/Documents/Documents-MacBookPro/Studies/TU-Berlin/Semester-Abroad/Calgary/Courses/AIinSE/FinalProject/msr-skills-md/outputs/raw_data/TypeScript/GeoloeG-IsT__agents-reverse-engineer	/Users/marcelvogt/Documents/Documents-MacBookPro/Studies/TU-Berlin/Semester-Abroad/Calgary/Courses/AIinSE/FinalProject/msr-skills-md/outputs/raw_data_filtered_out/TypeScript/GeoloeG-IsT__agents-reverse-engineer	moved
GoPlusSecurity/agentguard	TypeScript	GoPlusSecurity__agentguard	name_filter:agent	/Users/marcelvogt/Documents/Documents-MacBookPro/Studies/TU-Berlin/Semester-Abroad/Calgary/Courses/AIinSE/FinalProject/msr-skills-md/outputs/raw_data/TypeScript/GoPlusSecurity__agentguard	/Users/marcelvogt/Documents/Documents-MacBookPro/Studies/TU-Berlin/Semester-Abroad/Calgary/Courses/AIinSE/FinalProject/msr-skills-md/outputs/raw_data_filtered_out/TypeScript/GoPlusSecurity__agentguard	moved
MrLesk/agents-council	TypeScript	MrLesk__agents-council	name_filter:agent	/Users/marcelvogt/Documents/Documents-MacBookPro/Studies/TU-Berlin/Semester-Abroad/Calgary/Courses/AIinSE/FinalProject/msr-skills-md/outputs/raw_data/TypeScript/MrLesk__agents-council	/Users/marcelvogt/Documents/Documents-MacBookPro/Studies/TU-Berlin/Semester-Abroad/Calgary/Courses/AIinSE/FinalProject/msr-skills-md/outputs/raw_data_filtered_out/TypeScript/MrLesk__agents-council	moved
OzeroHAX/AssistAgents	TypeScript	OzeroHAX__AssistAgents	name_filter:agent	/Users/marcelvogt/Documents/Documents-MacBookPro/Studies/TU-Berlin/Semester-Abroad/Calgary/Courses/AIinSE/FinalProject/msr-skills-md/outputs/raw_data/TypeScript/OzeroHAX__AssistAgents	/Users/marcelvogt/Documents/Documents-MacBookPro/Studies/TU-Berlin/Semester-Abroad/Calgary/Courses/AIinSE/FinalProject/msr-skills-md/outputs/raw_data_filtered_out/TypeScript/OzeroHAX__AssistAgents	moved
Peiiii/AgentVerse	TypeScript	Peiiii__AgentVerse	name_filter:agent	/Users/marcelvogt/Documents/Documents-MacBookPro/Studies/TU-Berlin/Semester-Abroad/Calgary/Courses/AIinSE/FinalProject/msr-skills-md/outputs/raw_data/TypeScript/Peiiii__AgentVerse	/Users/marcelvogt/Documents/Documents-MacBookPro/Studies/TU-Berlin/Semester-Abroad/Calgary/Courses/AIinSE/FinalProject/msr-skills-md/outputs/raw_data_filtered_out/TypeScript/Peiiii__AgentVerse	moved
VoltAgent/voltagent	TypeScript	VoltAgent__voltagent	name_filter:agent	/Users/marcelvogt/Documents/Documents-MacBookPro/Studies/TU-Berlin/Semester-Abroad/Calgary/Courses/AIinSE/FinalProject/msr-skills-md/outputs/raw_data/TypeScript/VoltAgent__voltagent	/Users/marcelvogt/Documents/Documents-MacBookPro/Studies/TU-Berlin/Semester-Abroad/Calgary/Courses/AIinSE/FinalProject/msr-skills-md/outputs/raw_data_filtered_out/TypeScript/VoltAgent__voltagent	moved
agent-next/agent-ready	TypeScript	agent-next__agent-ready	name_filter:agent	/Users/marcelvogt/Documents/Documents-MacBookPro/Studies/TU-Berlin/Semester-Abroad/Calgary/Courses/AIinSE/FinalProject/msr-skills-md/outputs/raw_data/TypeScript/agent-next__agent-ready	/Users/marcelvogt/Documents/Documents-MacBookPro/Studies/TU-Berlin/Semester-Abroad/Calgary/Courses/AIinSE/FinalProject/msr-skills-md/outputs/raw_data_filtered_out/TypeScript/agent-next__agent-ready	moved
agenteract/agenteract	TypeScript	agenteract__agenteract	name_filter:agent	/Users/marcelvogt/Documents/Documents-MacBookPro/Studies/TU-Berlin/Semester-Abroad/Calgary/Courses/AIinSE/FinalProject/msr-skills-md/outputs/raw_data/TypeScript/agenteract__agenteract	/Users/marcelvogt/Documents/Documents-MacBookPro/Studies/TU-Berlin/Semester-Abroad/Calgary/Courses/AIinSE/FinalProject/msr-skills-md/outputs/raw_data_filtered_out/TypeScript/agenteract__agenteract	moved
agentset-ai/agentset	TypeScript	agentset-ai__agentset	name_filter:agent	/Users/marcelvogt/Documents/Documents-MacBookPro/Studies/TU-Berlin/Semester-Abroad/Calgary/Courses/AIinSE/FinalProject/msr-skills-md/outputs/raw_data/TypeScript/agentset-ai__agentset	/Users/marcelvogt/Documents/Documents-MacBookPro/Studies/TU-Berlin/Semester-Abroad/Calgary/Courses/AIinSE/FinalProject/msr-skills-md/outputs/raw_data_filtered_out/TypeScript/agentset-ai__agentset	moved
aitytech/agentkits-memory	TypeScript	aitytech__agentkits-memory	name_filter:agent	/Users/marcelvogt/Documents/Documents-MacBookPro/Studies/TU-Berlin/Semester-Abroad/Calgary/Courses/AIinSE/FinalProject/msr-skills-md/outputs/raw_data/TypeScript/aitytech__agentkits-memory	/Users/marcelvogt/Documents/Documents-MacBookPro/Studies/TU-Berlin/Semester-Abroad/Calgary/Courses/AIinSE/FinalProject/msr-skills-md/outputs/raw_data_filtered_out/TypeScript/aitytech__agentkits-memory	moved
aldegad/agent-picker	TypeScript	aldegad__agent-picker	name_filter:agent	/Users/marcelvogt/Documents/Documents-MacBookPro/Studies/TU-Berlin/Semester-Abroad/Calgary/Courses/AIinSE/FinalProject/msr-skills-md/outputs/raw_data/TypeScript/aldegad__agent-picker	/Users/marcelvogt/Documents/Documents-MacBookPro/Studies/TU-Berlin/Semester-Abroad/Calgary/Courses/AIinSE/FinalProject/msr-skills-md/outputs/raw_data_filtered_out/TypeScript/aldegad__agent-picker	moved
amtiYo/agents	TypeScript	amtiYo__agents	name_filter:agent	/Users/marcelvogt/Documents/Documents-MacBookPro/Studies/TU-Berlin/Semester-Abroad/Calgary/Courses/AIinSE/FinalProject/msr-skills-md/outputs/raw_data/TypeScript/amtiYo__agents	/Users/marcelvogt/Documents/Documents-MacBookPro/Studies/TU-Berlin/Semester-Abroad/Calgary/Courses/AIinSE/FinalProject/msr-skills-md/outputs/raw_data_filtered_out/TypeScript/amtiYo__agents	moved
antdigital-ai/agentic-ui	TypeScript	antdigital-ai__agentic-ui	name_filter:agent	/Users/marcelvogt/Documents/Documents-MacBookPro/Studies/TU-Berlin/Semester-Abroad/Calgary/Courses/AIinSE/FinalProject/msr-skills-md/outputs/raw_data/TypeScript/antdigital-ai__agentic-ui	/Users/marcelvogt/Documents/Documents-MacBookPro/Studies/TU-Berlin/Semester-Abroad/Calgary/Courses/AIinSE/FinalProject/msr-skills-md/outputs/raw_data_filtered_out/TypeScript/antdigital-ai__agentic-ui	moved
botiverse/agent-vault	TypeScript	botiverse__agent-vault	name_filter:agent	/Users/marcelvogt/Documents/Documents-MacBookPro/Studies/TU-Berlin/Semester-Abroad/Calgary/Courses/AIinSE/FinalProject/msr-skills-md/outputs/raw_data/TypeScript/botiverse__agent-vault	/Users/marcelvogt/Documents/Documents-MacBookPro/Studies/TU-Berlin/Semester-Abroad/Calgary/Courses/AIinSE/FinalProject/msr-skills-md/outputs/raw_data_filtered_out/TypeScript/botiverse__agent-vault	moved
buildoak/agent-mux	TypeScript	buildoak__agent-mux	name_filter:agent	/Users/marcelvogt/Documents/Documents-MacBookPro/Studies/TU-Berlin/Semester-Abroad/Calgary/Courses/AIinSE/FinalProject/msr-skills-md/outputs/raw_data/TypeScript/buildoak__agent-mux	/Users/marcelvogt/Documents/Documents-MacBookPro/Studies/TU-Berlin/Semester-Abroad/Calgary/Courses/AIinSE/FinalProject/msr-skills-md/outputs/raw_data_filtered_out/TypeScript/buildoak__agent-mux	moved
callstackincubator/agent-device	TypeScript	callstackincubator__agent-device	name_filter:agent	/Users/marcelvogt/Documents/Documents-MacBookPro/Studies/TU-Berlin/Semester-Abroad/Calgary/Courses/AIinSE/FinalProject/msr-skills-md/outputs/raw_data/TypeScript/callstackincubator__agent-device	/Users/marcelvogt/Documents/Documents-MacBookPro/Studies/TU-Berlin/Semester-Abroad/Calgary/Courses/AIinSE/FinalProject/msr-skills-md/outputs/raw_data_filtered_out/TypeScript/callstackincubator__agent-device	moved
cascade-protocol/agentbox	TypeScript	cascade-protocol__agentbox	name_filter:agent	/Users/marcelvogt/Documents/Documents-MacBookPro/Studies/TU-Berlin/Semester-Abroad/Calgary/Courses/AIinSE/FinalProject/msr-skills-md/outputs/raw_data/TypeScript/cascade-protocol__agentbox	/Users/marcelvogt/Documents/Documents-MacBookPro/Studies/TU-Berlin/Semester-Abroad/Calgary/Courses/AIinSE/FinalProject/msr-skills-md/outputs/raw_data_filtered_out/TypeScript/cascade-protocol__agentbox	moved
chrispangg/deepagentsdk	TypeScript	chrispangg__deepagentsdk	name_filter:agent	/Users/marcelvogt/Documents/Documents-MacBookPro/Studies/TU-Berlin/Semester-Abroad/Calgary/Courses/AIinSE/FinalProject/msr-skills-md/outputs/raw_data/TypeScript/chrispangg__deepagentsdk	/Users/marcelvogt/Documents/Documents-MacBookPro/Studies/TU-Berlin/Semester-Abroad/Calgary/Courses/AIinSE/FinalProject/msr-skills-md/outputs/raw_data_filtered_out/TypeScript/chrispangg__deepagentsdk	moved
darrenhinde/OpenAgentsControl	TypeScript	darrenhinde__OpenAgentsControl	name_filter:agent	/Users/marcelvogt/Documents/Documents-MacBookPro/Studies/TU-Berlin/Semester-Abroad/Calgary/Courses/AIinSE/FinalProject/msr-skills-md/outputs/raw_data/TypeScript/darrenhinde__OpenAgentsControl	/Users/marcelvogt/Documents/Documents-MacBookPro/Studies/TU-Berlin/Semester-Abroad/Calgary/Courses/AIinSE/FinalProject/msr-skills-md/outputs/raw_data_filtered_out/TypeScript/darrenhinde__OpenAgentsControl	moved
dcSpark/shinkai-local-ai-agents	TypeScript	dcSpark__shinkai-local-ai-agents	name_filter:agent	/Users/marcelvogt/Documents/Documents-MacBookPro/Studies/TU-Berlin/Semester-Abroad/Calgary/Courses/AIinSE/FinalProject/msr-skills-md/outputs/raw_data/TypeScript/dcSpark__shinkai-local-ai-agents	/Users/marcelvogt/Documents/Documents-MacBookPro/Studies/TU-Berlin/Semester-Abroad/Calgary/Courses/AIinSE/FinalProject/msr-skills-md/outputs/raw_data_filtered_out/TypeScript/dcSpark__shinkai-local-ai-agents	moved
deepagents-ai/agent-backend	TypeScript	deepagents-ai__agent-backend	name_filter:agent	/Users/marcelvogt/Documents/Documents-MacBookPro/Studies/TU-Berlin/Semester-Abroad/Calgary/Courses/AIinSE/FinalProject/msr-skills-md/outputs/raw_data/TypeScript/deepagents-ai__agent-backend	/Users/marcelvogt/Documents/Documents-MacBookPro/Studies/TU-Berlin/Semester-Abroad/Calgary/Courses/AIinSE/FinalProject/msr-skills-md/outputs/raw_data_filtered_out/TypeScript/deepagents-ai__agent-backend	moved
different-ai/agent-bank	TypeScript	different-ai__agent-bank	name_filter:agent	/Users/marcelvogt/Documents/Documents-MacBookPro/Studies/TU-Berlin/Semester-Abroad/Calgary/Courses/AIinSE/FinalProject/msr-skills-md/outputs/raw_data/TypeScript/different-ai__agent-bank	/Users/marcelvogt/Documents/Documents-MacBookPro/Studies/TU-Berlin/Semester-Abroad/Calgary/Courses/AIinSE/FinalProject/msr-skills-md/outputs/raw_data_filtered_out/TypeScript/different-ai__agent-bank	moved
elliot35/deterministic-agent-control-protocol	TypeScript	elliot35__deterministic-agent-control-protocol	name_filter:agent	/Users/marcelvogt/Documents/Documents-MacBookPro/Studies/TU-Berlin/Semester-Abroad/Calgary/Courses/AIinSE/FinalProject/msr-skills-md/outputs/raw_data/TypeScript/elliot35__deterministic-agent-control-protocol	/Users/marcelvogt/Documents/Documents-MacBookPro/Studies/TU-Berlin/Semester-Abroad/Calgary/Courses/AIinSE/FinalProject/msr-skills-md/outputs/raw_data_filtered_out/TypeScript/elliot35__deterministic-agent-control-protocol	moved
getsentry/dotagents	TypeScript	getsentry__dotagents	name_filter:agent	/Users/marcelvogt/Documents/Documents-MacBookPro/Studies/TU-Berlin/Semester-Abroad/Calgary/Courses/AIinSE/FinalProject/msr-skills-md/outputs/raw_data/TypeScript/getsentry__dotagents	/Users/marcelvogt/Documents/Documents-MacBookPro/Studies/TU-Berlin/Semester-Abroad/Calgary/Courses/AIinSE/FinalProject/msr-skills-md/outputs/raw_data_filtered_out/TypeScript/getsentry__dotagents	moved
gillkyle/agent-tail	TypeScript	gillkyle__agent-tail	name_filter:agent	/Users/marcelvogt/Documents/Documents-MacBookPro/Studies/TU-Berlin/Semester-Abroad/Calgary/Courses/AIinSE/FinalProject/msr-skills-md/outputs/raw_data/TypeScript/gillkyle__agent-tail	/Users/marcelvogt/Documents/Documents-MacBookPro/Studies/TU-Berlin/Semester-Abroad/Calgary/Courses/AIinSE/FinalProject/msr-skills-md/outputs/raw_data_filtered_out/TypeScript/gillkyle__agent-tail	moved
hAcKlyc/MyAgents	TypeScript	hAcKlyc__MyAgents	name_filter:agent	/Users/marcelvogt/Documents/Documents-MacBookPro/Studies/TU-Berlin/Semester-Abroad/Calgary/Courses/AIinSE/FinalProject/msr-skills-md/outputs/raw_data/TypeScript/hAcKlyc__MyAgents	/Users/marcelvogt/Documents/Documents-MacBookPro/Studies/TU-Berlin/Semester-Abroad/Calgary/Courses/AIinSE/FinalProject/msr-skills-md/outputs/raw_data_filtered_out/TypeScript/hAcKlyc__MyAgents	moved
hao-ai-lab/research-agent	TypeScript	hao-ai-lab__research-agent	name_filter:agent	/Users/marcelvogt/Documents/Documents-MacBookPro/Studies/TU-Berlin/Semester-Abroad/Calgary/Courses/AIinSE/FinalProject/msr-skills-md/outputs/raw_data/TypeScript/hao-ai-lab__research-agent	/Users/marcelvogt/Documents/Documents-MacBookPro/Studies/TU-Berlin/Semester-Abroad/Calgary/Courses/AIinSE/FinalProject/msr-skills-md/outputs/raw_data_filtered_out/TypeScript/hao-ai-lab__research-agent	moved
hua-bang/pulse-agent	TypeScript	hua-bang__pulse-agent	name_filter:agent	/Users/marcelvogt/Documents/Documents-MacBookPro/Studies/TU-Berlin/Semester-Abroad/Calgary/Courses/AIinSE/FinalProject/msr-skills-md/outputs/raw_data/TypeScript/hua-bang__pulse-agent	/Users/marcelvogt/Documents/Documents-MacBookPro/Studies/TU-Berlin/Semester-Abroad/Calgary/Courses/AIinSE/FinalProject/msr-skills-md/outputs/raw_data_filtered_out/TypeScript/hua-bang__pulse-agent	moved
jaredpalmer/agentik	TypeScript	jaredpalmer__agentik	name_filter:agent	/Users/marcelvogt/Documents/Documents-MacBookPro/Studies/TU-Berlin/Semester-Abroad/Calgary/Courses/AIinSE/FinalProject/msr-skills-md/outputs/raw_data/TypeScript/jaredpalmer__agentik	/Users/marcelvogt/Documents/Documents-MacBookPro/Studies/TU-Berlin/Semester-Abroad/Calgary/Courses/AIinSE/FinalProject/msr-skills-md/outputs/raw_data_filtered_out/TypeScript/jaredpalmer__agentik	moved
jnarowski/agentcmd	TypeScript	jnarowski__agentcmd	name_filter:agent	/Users/marcelvogt/Documents/Documents-MacBookPro/Studies/TU-Berlin/Semester-Abroad/Calgary/Courses/AIinSE/FinalProject/msr-skills-md/outputs/raw_data/TypeScript/jnarowski__agentcmd	/Users/marcelvogt/Documents/Documents-MacBookPro/Studies/TU-Berlin/Semester-Abroad/Calgary/Courses/AIinSE/FinalProject/msr-skills-md/outputs/raw_data_filtered_out/TypeScript/jnarowski__agentcmd	moved
kevin1chun/robinhood-for-agents	TypeScript	kevin1chun__robinhood-for-agents	name_filter:agent	/Users/marcelvogt/Documents/Documents-MacBookPro/Studies/TU-Berlin/Semester-Abroad/Calgary/Courses/AIinSE/FinalProject/msr-skills-md/outputs/raw_data/TypeScript/kevin1chun__robinhood-for-agents	/Users/marcelvogt/Documents/Documents-MacBookPro/Studies/TU-Berlin/Semester-Abroad/Calgary/Courses/AIinSE/FinalProject/msr-skills-md/outputs/raw_data_filtered_out/TypeScript/kevin1chun__robinhood-for-agents	moved
lambdaclass/eth-agent	TypeScript	lambdaclass__eth-agent	name_filter:agent	/Users/marcelvogt/Documents/Documents-MacBookPro/Studies/TU-Berlin/Semester-Abroad/Calgary/Courses/AIinSE/FinalProject/msr-skills-md/outputs/raw_data/TypeScript/lambdaclass__eth-agent	/Users/marcelvogt/Documents/Documents-MacBookPro/Studies/TU-Berlin/Semester-Abroad/Calgary/Courses/AIinSE/FinalProject/msr-skills-md/outputs/raw_data_filtered_out/TypeScript/lambdaclass__eth-agent	moved
langchain-ai/deepagentsjs	TypeScript	langchain-ai__deepagentsjs	name_filter:agent	/Users/marcelvogt/Documents/Documents-MacBookPro/Studies/TU-Berlin/Semester-Abroad/Calgary/Courses/AIinSE/FinalProject/msr-skills-md/outputs/raw_data/TypeScript/langchain-ai__deepagentsjs	/Users/marcelvogt/Documents/Documents-MacBookPro/Studies/TU-Berlin/Semester-Abroad/Calgary/Courses/AIinSE/FinalProject/msr-skills-md/outputs/raw_data_filtered_out/TypeScript/langchain-ai__deepagentsjs	moved
leochiu-a/universal-agents	TypeScript	leochiu-a__universal-agents	name_filter:agent	/Users/marcelvogt/Documents/Documents-MacBookPro/Studies/TU-Berlin/Semester-Abroad/Calgary/Courses/AIinSE/FinalProject/msr-skills-md/outputs/raw_data/TypeScript/leochiu-a__universal-agents	/Users/marcelvogt/Documents/Documents-MacBookPro/Studies/TU-Berlin/Semester-Abroad/Calgary/Courses/AIinSE/FinalProject/msr-skills-md/outputs/raw_data_filtered_out/TypeScript/leochiu-a__universal-agents	moved
leonardsellem/codex-specialized-subagents	TypeScript	leonardsellem__codex-specialized-subagents	name_filter:agent	/Users/marcelvogt/Documents/Documents-MacBookPro/Studies/TU-Berlin/Semester-Abroad/Calgary/Courses/AIinSE/FinalProject/msr-skills-md/outputs/raw_data/TypeScript/leonardsellem__codex-specialized-subagents	/Users/marcelvogt/Documents/Documents-MacBookPro/Studies/TU-Berlin/Semester-Abroad/Calgary/Courses/AIinSE/FinalProject/msr-skills-md/outputs/raw_data_filtered_out/TypeScript/leonardsellem__codex-specialized-subagents	moved
letta-ai/agent-file	TypeScript	letta-ai__agent-file	name_filter:agent	/Users/marcelvogt/Documents/Documents-MacBookPro/Studies/TU-Berlin/Semester-Abroad/Calgary/Courses/AIinSE/FinalProject/msr-skills-md/outputs/raw_data/TypeScript/letta-ai__agent-file	/Users/marcelvogt/Documents/Documents-MacBookPro/Studies/TU-Berlin/Semester-Abroad/Calgary/Courses/AIinSE/FinalProject/msr-skills-md/outputs/raw_data_filtered_out/TypeScript/letta-ai__agent-file	moved
lossyrob/phased-agent-workflow	TypeScript	lossyrob__phased-agent-workflow	name_filter:agent	/Users/marcelvogt/Documents/Documents-MacBookPro/Studies/TU-Berlin/Semester-Abroad/Calgary/Courses/AIinSE/FinalProject/msr-skills-md/outputs/raw_data/TypeScript/lossyrob__phased-agent-workflow	/Users/marcelvogt/Documents/Documents-MacBookPro/Studies/TU-Berlin/Semester-Abroad/Calgary/Courses/AIinSE/FinalProject/msr-skills-md/outputs/raw_data_filtered_out/TypeScript/lossyrob__phased-agent-workflow	moved
microsoft/vscode-agent-lab-soc-ops	TypeScript	microsoft__vscode-agent-lab-soc-ops	name_filter:agent	/Users/marcelvogt/Documents/Documents-MacBookPro/Studies/TU-Berlin/Semester-Abroad/Calgary/Courses/AIinSE/FinalProject/msr-skills-md/outputs/raw_data/TypeScript/microsoft__vscode-agent-lab-soc-ops	/Users/marcelvogt/Documents/Documents-MacBookPro/Studies/TU-Berlin/Semester-Abroad/Calgary/Courses/AIinSE/FinalProject/msr-skills-md/outputs/raw_data_filtered_out/TypeScript/microsoft__vscode-agent-lab-soc-ops	moved
mitsuhiko/agent-stuff	TypeScript	mitsuhiko__agent-stuff	name_filter:agent	/Users/marcelvogt/Documents/Documents-MacBookPro/Studies/TU-Berlin/Semester-Abroad/Calgary/Courses/AIinSE/FinalProject/msr-skills-md/outputs/raw_data/TypeScript/mitsuhiko__agent-stuff	/Users/marcelvogt/Documents/Documents-MacBookPro/Studies/TU-Berlin/Semester-Abroad/Calgary/Courses/AIinSE/FinalProject/msr-skills-md/outputs/raw_data_filtered_out/TypeScript/mitsuhiko__agent-stuff	moved
nirholas/agenti	TypeScript	nirholas__agenti	name_filter:agent	/Users/marcelvogt/Documents/Documents-MacBookPro/Studies/TU-Berlin/Semester-Abroad/Calgary/Courses/AIinSE/FinalProject/msr-skills-md/outputs/raw_data/TypeScript/nirholas__agenti	/Users/marcelvogt/Documents/Documents-MacBookPro/Studies/TU-Berlin/Semester-Abroad/Calgary/Courses/AIinSE/FinalProject/msr-skills-md/outputs/raw_data_filtered_out/TypeScript/nirholas__agenti	moved
omar-A-hassan/medsci-agent	TypeScript	omar-A-hassan__medsci-agent	name_filter:agent	/Users/marcelvogt/Documents/Documents-MacBookPro/Studies/TU-Berlin/Semester-Abroad/Calgary/Courses/AIinSE/FinalProject/msr-skills-md/outputs/raw_data/TypeScript/omar-A-hassan__medsci-agent	/Users/marcelvogt/Documents/Documents-MacBookPro/Studies/TU-Berlin/Semester-Abroad/Calgary/Courses/AIinSE/FinalProject/msr-skills-md/outputs/raw_data_filtered_out/TypeScript/omar-A-hassan__medsci-agent	moved
open-gitagent/gitagent	TypeScript	open-gitagent__gitagent	name_filter:agent	/Users/marcelvogt/Documents/Documents-MacBookPro/Studies/TU-Berlin/Semester-Abroad/Calgary/Courses/AIinSE/FinalProject/msr-skills-md/outputs/raw_data/TypeScript/open-gitagent__gitagent	/Users/marcelvogt/Documents/Documents-MacBookPro/Studies/TU-Berlin/Semester-Abroad/Calgary/Courses/AIinSE/FinalProject/msr-skills-md/outputs/raw_data_filtered_out/TypeScript/open-gitagent__gitagent	moved
oursky/skytest-agent	TypeScript	oursky__skytest-agent	name_filter:agent	/Users/marcelvogt/Documents/Documents-MacBookPro/Studies/TU-Berlin/Semester-Abroad/Calgary/Courses/AIinSE/FinalProject/msr-skills-md/outputs/raw_data/TypeScript/oursky__skytest-agent	/Users/marcelvogt/Documents/Documents-MacBookPro/Studies/TU-Berlin/Semester-Abroad/Calgary/Courses/AIinSE/FinalProject/msr-skills-md/outputs/raw_data_filtered_out/TypeScript/oursky__skytest-agent	moved
outfitter-dev/agents	TypeScript	outfitter-dev__agents	name_filter:agent	/Users/marcelvogt/Documents/Documents-MacBookPro/Studies/TU-Berlin/Semester-Abroad/Calgary/Courses/AIinSE/FinalProject/msr-skills-md/outputs/raw_data/TypeScript/outfitter-dev__agents	/Users/marcelvogt/Documents/Documents-MacBookPro/Studies/TU-Berlin/Semester-Abroad/Calgary/Courses/AIinSE/FinalProject/msr-skills-md/outputs/raw_data_filtered_out/TypeScript/outfitter-dev__agents	moved
pacaplan/agent-gauntlet	TypeScript	pacaplan__agent-gauntlet	name_filter:agent	/Users/marcelvogt/Documents/Documents-MacBookPro/Studies/TU-Berlin/Semester-Abroad/Calgary/Courses/AIinSE/FinalProject/msr-skills-md/outputs/raw_data/TypeScript/pacaplan__agent-gauntlet	/Users/marcelvogt/Documents/Documents-MacBookPro/Studies/TU-Berlin/Semester-Abroad/Calgary/Courses/AIinSE/FinalProject/msr-skills-md/outputs/raw_data_filtered_out/TypeScript/pacaplan__agent-gauntlet	moved
philschmid/ia-agents	TypeScript	philschmid__ia-agents	name_filter:agent	/Users/marcelvogt/Documents/Documents-MacBookPro/Studies/TU-Berlin/Semester-Abroad/Calgary/Courses/AIinSE/FinalProject/msr-skills-md/outputs/raw_data/TypeScript/philschmid__ia-agents	/Users/marcelvogt/Documents/Documents-MacBookPro/Studies/TU-Berlin/Semester-Abroad/Calgary/Courses/AIinSE/FinalProject/msr-skills-md/outputs/raw_data_filtered_out/TypeScript/philschmid__ia-agents	moved
proffesor-for-testing/agentic-qe	TypeScript	proffesor-for-testing__agentic-qe	name_filter:agent	/Users/marcelvogt/Documents/Documents-MacBookPro/Studies/TU-Berlin/Semester-Abroad/Calgary/Courses/AIinSE/FinalProject/msr-skills-md/outputs/raw_data/TypeScript/proffesor-for-testing__agentic-qe	/Users/marcelvogt/Documents/Documents-MacBookPro/Studies/TU-Berlin/Semester-Abroad/Calgary/Courses/AIinSE/FinalProject/msr-skills-md/outputs/raw_data_filtered_out/TypeScript/proffesor-for-testing__agentic-qe	moved
rohitg00/agentmemory	TypeScript	rohitg00__agentmemory	name_filter:agent	/Users/marcelvogt/Documents/Documents-MacBookPro/Studies/TU-Berlin/Semester-Abroad/Calgary/Courses/AIinSE/FinalProject/msr-skills-md/outputs/raw_data/TypeScript/rohitg00__agentmemory	/Users/marcelvogt/Documents/Documents-MacBookPro/Studies/TU-Berlin/Semester-Abroad/Calgary/Courses/AIinSE/FinalProject/msr-skills-md/outputs/raw_data_filtered_out/TypeScript/rohitg00__agentmemory	moved
ruvnet/agentic-robotics	TypeScript	ruvnet__agentic-robotics	name_filter:agent	/Users/marcelvogt/Documents/Documents-MacBookPro/Studies/TU-Berlin/Semester-Abroad/Calgary/Courses/AIinSE/FinalProject/msr-skills-md/outputs/raw_data/TypeScript/ruvnet__agentic-robotics	/Users/marcelvogt/Documents/Documents-MacBookPro/Studies/TU-Berlin/Semester-Abroad/Calgary/Courses/AIinSE/FinalProject/msr-skills-md/outputs/raw_data_filtered_out/TypeScript/ruvnet__agentic-robotics	moved
saadnvd1/agent-os	TypeScript	saadnvd1__agent-os	name_filter:agent	/Users/marcelvogt/Documents/Documents-MacBookPro/Studies/TU-Berlin/Semester-Abroad/Calgary/Courses/AIinSE/FinalProject/msr-skills-md/outputs/raw_data/TypeScript/saadnvd1__agent-os	/Users/marcelvogt/Documents/Documents-MacBookPro/Studies/TU-Berlin/Semester-Abroad/Calgary/Courses/AIinSE/FinalProject/msr-skills-md/outputs/raw_data_filtered_out/TypeScript/saadnvd1__agent-os	moved
stablyai/agent-slack	TypeScript	stablyai__agent-slack	name_filter:agent	/Users/marcelvogt/Documents/Documents-MacBookPro/Studies/TU-Berlin/Semester-Abroad/Calgary/Courses/AIinSE/FinalProject/msr-skills-md/outputs/raw_data/TypeScript/stablyai__agent-slack	/Users/marcelvogt/Documents/Documents-MacBookPro/Studies/TU-Berlin/Semester-Abroad/Calgary/Courses/AIinSE/FinalProject/msr-skills-md/outputs/raw_data_filtered_out/TypeScript/stablyai__agent-slack	moved
tmustier/pi-agent-teams	TypeScript	tmustier__pi-agent-teams	name_filter:agent	/Users/marcelvogt/Documents/Documents-MacBookPro/Studies/TU-Berlin/Semester-Abroad/Calgary/Courses/AIinSE/FinalProject/msr-skills-md/outputs/raw_data/TypeScript/tmustier__pi-agent-teams	/Users/marcelvogt/Documents/Documents-MacBookPro/Studies/TU-Berlin/Semester-Abroad/Calgary/Courses/AIinSE/FinalProject/msr-skills-md/outputs/raw_data_filtered_out/TypeScript/tmustier__pi-agent-teams	moved
vaayne/agent-kit	TypeScript	vaayne__agent-kit	name_filter:agent	/Users/marcelvogt/Documents/Documents-MacBookPro/Studies/TU-Berlin/Semester-Abroad/Calgary/Courses/AIinSE/FinalProject/msr-skills-md/outputs/raw_data/TypeScript/vaayne__agent-kit	/Users/marcelvogt/Documents/Documents-MacBookPro/Studies/TU-Berlin/Semester-Abroad/Calgary/Courses/AIinSE/FinalProject/msr-skills-md/outputs/raw_data_filtered_out/TypeScript/vaayne__agent-kit	moved
webzler/agentMemory	TypeScript	webzler__agentMemory	name_filter:agent	/Users/marcelvogt/Documents/Documents-MacBookPro/Studies/TU-Berlin/Semester-Abroad/Calgary/Courses/AIinSE/FinalProject/msr-skills-md/outputs/raw_data/TypeScript/webzler__agentMemory	/Users/marcelvogt/Documents/Documents-MacBookPro/Studies/TU-Berlin/Semester-Abroad/Calgary/Courses/AIinSE/FinalProject/msr-skills-md/outputs/raw_data_filtered_out/TypeScript/webzler__agentMemory	moved
xAgent-AI/xagent	TypeScript	xAgent-AI__xagent	name_filter:agent	/Users/marcelvogt/Documents/Documents-MacBookPro/Studies/TU-Berlin/Semester-Abroad/Calgary/Courses/AIinSE/FinalProject/msr-skills-md/outputs/raw_data/TypeScript/xAgent-AI__xagent	/Users/marcelvogt/Documents/Documents-MacBookPro/Studies/TU-Berlin/Semester-Abroad/Calgary/Courses/AIinSE/FinalProject/msr-skills-md/outputs/raw_data_filtered_out/TypeScript/xAgent-AI__xagent	moved
xpnobug/ai-agent-cli	TypeScript	xpnobug__ai-agent-cli	name_filter:agent	/Users/marcelvogt/Documents/Documents-MacBookPro/Studies/TU-Berlin/Semester-Abroad/Calgary/Courses/AIinSE/FinalProject/msr-skills-md/outputs/raw_data/TypeScript/xpnobug__ai-agent-cli	/Users/marcelvogt/Documents/Documents-MacBookPro/Studies/TU-Berlin/Semester-Abroad/Calgary/Courses/AIinSE/FinalProject/msr-skills-md/outputs/raw_data_filtered_out/TypeScript/xpnobug__ai-agent-cli	moved
